"ARID","ORID","STA","PHASE","BELIEF","DELTA","SEAZ","ESAZ","TIMERES","TIMEDEF","AZRES","AZDEF","SLORES","SLODEF","EMARES","WGT","VMODEL","COMMID","LDDATE"
164337210,21164327,GERES,PKPbc,-1,148.77056,15.123534,349.55078,0.077108485,d,-5.4172831,n,1.7311149,n,-999,0.65879749,IASPEI,-1,2021-10-01 14:02:15
164345574,21174873,GERES,P,-1,33.744543,110.73075,314.70355,0.2535836,d,9.7347933,n,-0.78272364,n,-999,0.7363871,IASPEI,-1,2021-10-04 09:14:51
164345578,21174873,GERES,PcP,-1,33.744543,110.73075,314.70355,0.96726498,d,33.015413,n,-0.35476253,n,-999,0.68005842,IASPEI,-1,2021-10-04 09:14:52
164345580,21174873,GERES,ScP,-1,33.744543,110.73075,314.70355,1.4155923,d,22.872073,n,0.34663657,n,-999,0.44445496,IASPEI,-1,2021-10-04 09:14:52
164346530,21175977,GERES,P,-1,33.765494,110.44482,314.53792,0.76792664,d,166.86094,n,-4.8247965,n,-999,0.60095086,IASPEI,-1,2021-10-04 13:38:07
164355913,21179536,GERES,P,-1,87.329056,64.914624,320.92566,-0.46038773,d,23.640969,n,0.86782466,n,-999,0.71725775,IASPEI,-1,2021-10-05 08:11:46
164357597,21179675,GERES,P,-1,75.240512,354.38852,6.5976854,-0.23324333,d,2.5261048,n,-0.49258302,n,-999,0.90372923,IASPEI,-1,2021-10-05 08:42:49
164322958,21174691,GERES,PKPbc,-1,147.6133,22.138247,344.84067,0.49188561,d,22.861753,n,1.2818782,n,-999,0.92174845,IASPEI,-1,2021-10-04 08:22:16
164344764,21174935,GERES,P,-1,79.310861,3.0764827,356.70257,0.15852376,d,0.15053364,n,-0.44615339,n,-999,0.933708,IASPEI,-1,2021-10-04 09:19:47
164372764,21189551,GERES,pPKPbc,-1,148.52697,35.198662,335.92799,0.6401532,d,9.8013384,n,1.0781557,n,-999,0.68280466,IASPEI,-1,2021-10-07 10:01:33
164329420,21172405,GERES,P,-1,81.720824,38.566189,328.36621,0.016148643,d,-7.6693515,n,-0.03312072,n,-999,0.82575234,IASPEI,-1,2021-10-03 16:58:18
164329421,21172406,GERES,P,-1,87.553076,63.931309,321.18571,0.50650148,d,2.6777472,n,0.50115274,n,-999,0.73254507,IASPEI,-1,2021-10-03 16:59:36
164344888,21174597,GERES,P,-1,79.268525,3.080104,356.69558,-0.096895574,d,-0.26826715,n,-0.18341613,n,-999,0.92010939,IASPEI,-1,2021-10-04 08:01:10
164356935,21179612,GERES,Pn,-1,16.190172,127.96361,319.02138,-0.47816904,d,0.75990796,d,-1.8906476,n,-999,0.38545757,IASPEI,-1,2021-10-05 08:28:04
164356936,21179610,GERES,PKiKP,-1,111.36436,76.48561,319.62534,-1.3962969,d,-9.2365864,n,1.3994075,n,-999,0.56603012,IASPEI,-1,2021-10-05 08:25:27
164334324,21175032,GERES,PcP,-1,42.952856,84.594314,305.32027,0.32984026,d,9.8108158,n,1.3009616,n,-999,0.7100228,IASPEI,-1,2021-10-04 09:44:58
164334325,21175032,GERES,ScP,-1,42.952856,84.594314,305.32027,-0.72192638,d,3.8604658,n,0.72312965,n,-999,0.42322854,IASPEI,-1,2021-10-04 09:44:58
164366669,21180087,GERES,PKP,-1,127.08748,51.295675,328.70267,0.84301959,d,46.298968,n,0.123298,n,-999,0.66767806,IASPEI,-1,2021-10-05 10:26:56
164333356,21174719,GERES,PKhKP,-1,138.79884,41.159364,333.41302,-999,n,39.465289,n,-999,n,-999,-1,-,-1,2021-10-04 08:36:26
164333357,21174719,GERES,PKP,-1,138.79884,41.159364,333.41302,0.97916081,d,-45.558074,n,-0.068910008,n,-999,0.31317701,IASPEI,-1,2021-10-04 08:36:26
164356229,21179540,GERES,P,-1,62.290267,74.895511,312.50876,0.81785244,d,-2.2118571,n,-0.27122533,n,-999,0.83985511,IASPEI,-1,2021-10-05 08:15:30
164367850,21176556,GERES,PKP,-1,127.10268,51.187844,328.75763,0.029894259,d,18.78267,n,-0.74337105,n,-999,0.7659744,IASPEI,-1,2021-10-04 16:08:30
164367986,21174779,GERES,PKPbc,-1,146.47702,11.620661,352.05986,0.84421134,d,85.504355,n,-0.61644808,n,-999,0.62975221,IASPEI,-1,2021-10-04 08:47:56
164342245,21164073,GERES,P,-1,79.838048,31.066123,331.92612,1.1027384,d,-14.366879,n,1.7533345,n,-999,0.70866539,IASPEI,-1,2021-10-01 12:37:52
164369360,21175288,GERES,PKPbc,-1,145.86185,12.24871,351.65663,-0.82496834,d,-49.11861,n,0.21686501,n,-999,0.61631977,IASPEI,-1,2021-10-04 10:38:46
164369953,21175659,GERES,PKPbc,-1,145.73502,12.004475,351.82723,0.34164419,d,13.32349,n,0.45905925,n,-999,0.72243333,IASPEI,-1,2021-10-04 12:16:45
164370245,21175616,GERES,P,-1,62.25011,74.92793,312.49545,0.2396128,d,5.6967231,n,-1.9672435,n,-999,0.86128961,IASPEI,-1,2021-10-04 12:14:03
164331463,21175895,GERES,PcP,-1,43.187055,84.638686,305.47961,-0.18638388,d,-35.647773,n,-0.38893184,n,-999,0.6420541,IASPEI,-1,2021-10-04 13:22:04
164347048,21175979,GERES,PKP,-1,128.95706,50.447061,329.01725,-0.53575112,d,66.117989,n,-1.2917607,n,-999,0.65239996,IASPEI,-1,2021-10-04 13:41:32
164358706,21179685,GERES,Pn,-1,16.117599,143.97964,331.70736,1.3704217,d,-5.0846775,n,-0.29508495,n,-999,0.39130474,IASPEI,-1,2021-10-05 08:52:16
164372389,21189551,GERES,PKP,-1,148.52697,35.198662,335.92799,-0.25951899,d,9.8013384,n,-0.83611022,n,-999,0.66454352,IASPEI,-1,2021-10-07 10:01:44
164333358,21174719,GERES,SKPbc,-1,138.79884,41.159364,333.41302,1.9043901,d,-12.58057,n,-0.39883715,n,-999,0.63068492,IASPEI,-1,2021-10-04 08:36:26
164338564,21165001,GERES,Pn,-1,16.252541,144.77099,332.37576,0.72479377,d,-0.9804479,n,-3.5728668,n,-999,0.39619116,IASPEI,-1,2021-10-01 18:31:31
164373870,21179211,GERES,Pn,-1,16.947494,136.97723,326.49428,0.81490381,d,-0.69905336,n,-0.410381,n,-999,0.35739344,IASPEI,-1,2021-10-05 06:27:42
164364069,21179761,GERES,P,-1,72.7232,17.381869,339.56408,0.58191938,d,13.834162,n,-0.53910133,n,-999,0.80305137,IASPEI,-1,2021-10-05 09:01:25
164336867,21164961,GERES,PKPbc,-1,152.61987,28.450321,339.92217,-0.10634908,d,61.549679,n,0.96431885,n,-999,0.75459014,IASPEI,-1,2021-10-01 18:09:59
164363890,21179771,GERES,PKPbc,-1,145.76466,43.438919,330.98485,0.4815483,d,-8.8347503,n,-0.20914209,n,-999,0.72287399,IASPEI,-1,2021-10-05 09:06:06
164325384,21175442,GERES,PKPbc,-1,145.77508,43.183973,331.14681,1.3882814,d,-0.67352589,d,-0.96357355,d,-999,0.70706385,IASPEI,-1,2021-10-04 11:35:32
164337745,21165242,GERES,PKPbc,-1,146.91816,19.719923,346.53323,-0.025007789,d,0.18438033,d,0.41365708,d,-999,0.63914465,IASPEI,-1,2021-10-01 19:41:38
164347822,21176051,GERES,P,-1,62.358111,74.834203,312.53054,0.13356564,d,-3.2723617,n,-0.62833162,n,-999,0.87768525,IASPEI,-1,2021-10-04 13:56:56
164358129,21175898,GERES,PKPbc,-1,145.24255,19.414296,346.84989,0.17431636,d,13.490947,n,0.77369461,n,-999,0.61206919,IASPEI,-1,2021-10-04 13:34:18
164336031,21164960,GERES,Pn,-1,16.129085,144.0996,331.8059,1.671088,d,-3.663288,n,-0.34339342,n,-999,0.38940379,IASPEI,-1,2021-10-01 18:06:47
164370850,21176642,GERES,PKPbc,-1,145.79371,12.305905,351.62047,1.3200815,d,-4.0071391,n,-0.23374192,n,-999,0.66609293,IASPEI,-1,2021-10-04 16:28:37
164373708,21179271,GERES,PKPbc,-1,146.25424,11.828073,351.92726,-0.2686671,d,-17.538663,n,-0.35052093,n,-999,0.62887795,IASPEI,-1,2021-10-05 06:47:22
164372927,21179443,GERES,PKPbc,-1,148.78797,35.974891,335.366,-0.11631222,d,11.75142,n,-0.60042321,n,-999,0.83867311,IASPEI,-1,2021-10-05 07:42:41
164365646,21174686,GERES,P,-1,41.612156,8.1453729,275.87641,0.75066173,d,-5.8547629,n,-1.5189655,n,-999,0.69684019,IASPEI,-1,2021-10-04 08:19:48
164366076,21179926,GERES,PKPbc,-1,145.08361,19.437928,346.84379,0.36669469,d,-10.928509,d,2.6784291,n,-999,0.76995214,IASPEI,-1,2021-10-05 09:54:06
164367380,21180168,GERES,PKPbc,-1,145.89832,12.455083,351.51513,1.809549,d,2.0112201,n,1.4982079,n,-999,0.72179483,IASPEI,-1,2021-10-05 10:46:31
164386315,21181062,GERES,Pg,-1,3.0264111,30.102453,211.95902,-1.0969349,d,-2.4934034,d,1.0369797,n,-999,0.50683305,IASPEI,-1,2021-10-05 14:28:28
164407032,21184923,GERES,P,-1,59.082872,243.4448,36.595023,-1.2952766,d,-6.1057106,n,2.145818,n,-999,0.68606977,IASPEI,-1,2021-10-06 09:42:56
164414209,21189664,GERES,PKiKP,-1,113.74882,201.05086,28.39849,0.085856854,d,-4.3516238,n,-0.52296335,n,-999,0.57788891,IASPEI,-1,2021-10-07 10:36:46
164386617,21181062,GERES,Lg,-1,3.0264111,30.102453,211.95902,0.98338464,d,0.044248581,d,-2.2705456,n,-999,0.37185816,IASPEI,-1,2021-10-05 14:28:28
164386620,21180987,GERES,P,-1,74.373183,124.47773,326.53122,-0.86975051,d,-0.14751157,n,0.79799824,n,-999,0.89649477,IASPEI,-1,2021-10-05 14:15:27
164386624,21180987,GERES,PP,-1,74.373183,124.47773,326.53122,3.8063582,n,-1.2233616,n,1.247471,n,-999,0.4813967,IASPEI,-1,2021-10-05 14:15:27
164399610,21184915,GERES,P,-1,77.236547,91.814742,318.13585,0.81967984,d,-6.3671018,n,-0.0011999408,n,-999,0.74339594,IASPEI,-1,2021-10-06 09:37:53
164403368,21184715,GERES,P,-1,79.279469,3.0490103,356.72961,0.46164203,d,11.417293,n,-0.83850518,n,-999,0.92177439,IASPEI,-1,2021-10-06 09:01:33
164407984,21179663,GERES,PKPbc,-1,148.21308,21.69001,345.09451,0.66227592,d,2.7880377,n,0.65414667,n,-999,1.1013644,IASPEI,-1,2021-10-05 08:36:40
164412893,21189140,GERES,P3KPbc,-1,31.533316,108.04218,312.07341,2.3923839,n,144.71636,n,7.8694559,n,-999,0.25948335,IASPEI,-1,2021-10-07 08:17:04
164394881,21186409,GERES,P,-1,43.488149,81.445922,304.28526,0.40266817,d,0.3973553,n,-0.56088273,n,-999,0.67755665,IASPEI,-1,2021-10-06 15:42:19
164394883,21186409,GERES,PP,-1,43.488149,81.445922,304.28526,1.8372565,n,5.5255213,n,-4.1770898,n,-999,0.36886996,IASPEI,-1,2021-10-06 15:42:19
164412416,21189140,GERES,P,-1,31.533316,108.04218,312.07341,0.064260196,d,-2.2350459,n,0.0227113,n,-999,0.74872296,IASPEI,-1,2021-10-07 08:16:56
164412419,21189140,GERES,PcP,-1,31.533316,108.04218,312.07341,0.73533735,d,12.214264,n,-0.84116311,n,-999,0.69804003,IASPEI,-1,2021-10-07 08:16:56
164382509,21180830,GERES,P,-1,52.862672,262.3788,45.148744,-0.14027693,d,-14.582278,n,-2.2036999,n,-999,0.75412986,IASPEI,-1,2021-10-05 13:26:39
164375088,21181383,GERES,Pn,-1,16.019101,143.37928,331.1998,0.29689429,d,-2.2577866,n,-0.15139539,n,-999,0.40713484,IASPEI,-1,2021-10-05 15:41:31
164379613,21190350,GERES,P,-1,93.754044,259.93957,41.25448,0.17173285,d,-11.740977,n,-0.92393043,n,-999,0.82919763,IASPEI,-1,2021-10-07 13:14:47
164379616,21190350,GERES,pP,-1,93.754044,259.93957,41.25448,0.20928226,d,-20.590237,n,-0.44014078,n,-999,0.56404979,IASPEI,-1,2021-10-07 13:14:47
164379619,21190350,GERES,PP,-1,93.754044,259.93957,41.25448,-1.7075231,n,-6.7979673,n,-0.88848733,n,-999,0.55662785,IASPEI,-1,2021-10-07 13:14:48
164394187,21186223,GERES,PKPbc,-1,150.31576,22.61187,344.26635,0.43229958,d,30.815099,n,1.3519248,n,-999,0.75815045,IASPEI,-1,2021-10-06 14:48:58
164412628,21189140,GERES,ScP,-1,31.533316,108.04218,312.07341,-1.2785604,d,3.7592341,n,0.22705863,n,-999,0.43163615,IASPEI,-1,2021-10-07 08:17:04
164417059,21189291,GERES,PKP,-1,159.20002,28.517071,338.70708,0.91034155,d,-45.216311,n,0.21397,n,-999,0.50099029,IASPEI,-1,2021-10-07 08:56:47
164417062,21189291,GERES,PKPab,-1,159.20002,28.517071,338.70708,-0.21344917,d,2.0621562,n,-0.93824747,n,-999,0.71140606,IASPEI,-1,2021-10-07 08:56:47
164430868,21189906,GERES,PKP,-1,152.29777,29.791807,339.03446,0.46198417,d,17.934504,n,0.52327658,n,-999,0.59828418,IASPEI,-1,2021-10-07 11:22:21
164430869,21189906,GERES,PKPbc,-1,152.29777,29.791807,339.03446,-0.14682023,d,-7.4272275,n,-0.57440754,n,-999,0.90372923,IASPEI,-1,2021-10-07 11:22:21
164431052,21189906,GERES,PKPab,-1,152.29777,29.791807,339.03446,0.69114555,d,-10.444914,n,0.50593975,n,-999,0.77272961,IASPEI,-1,2021-10-07 11:22:29
164431053,21189906,GERES,pPKPbc,-1,152.29777,29.791807,339.03446,0.084865067,d,-24.081214,n,-1.0990725,n,-999,0.8150544,IASPEI,-1,2021-10-07 11:22:29
164374298,21179386,GERES,PKPbc,-1,148.50812,35.880094,335.47481,-0.60075655,d,1.3394569,n,0.79662268,n,-999,0.89167398,IASPEI,-1,2021-10-05 07:26:32
164391656,21185071,GERES,P,-1,80.459498,42.276945,326.02005,-0.13156667,d,5.1012464,n,0.61997593,n,-999,0.7481073,IASPEI,-1,2021-10-06 10:17:11
164432049,21189913,GERES,PKPbc,-1,148.01398,14.692147,349.89019,0.92352114,d,-15.121917,n,2.3400953,n,-999,0.64799029,IASPEI,-1,2021-10-07 11:24:14
164377970,21179773,GERES,PKPbc,-1,148.43244,35.867465,335.49538,0.30934986,d,-18.764736,n,-0.82113333,n,-999,1.0055599,IASPEI,-1,2021-10-05 09:12:22
164381723,21180423,GERES,PKPbc,-1,148.43183,35.844634,335.51074,0.28840262,d,10.552547,n,0.22572009,n,-999,0.97882746,IASPEI,-1,2021-10-05 11:37:45
164387928,21181232,GERES,P,-1,91.367326,68.777628,320.84398,-0.44774471,d,-10.16717,n,0.52660041,n,-999,0.691993,IASPEI,-1,2021-10-05 15:06:47
164414572,21189664,GERES,PKKPab,-1,113.74882,201.05086,28.39849,-4.9095827,n,150.81904,n,6.3053297,n,-999,0.32477905,IASPEI,-1,2021-10-07 10:36:40
164384428,21180651,GERES,Pn,-1,16.0257,143.96486,331.66517,-0.37531008,d,-2.9247569,n,0.39048628,n,-999,0.40951328,IASPEI,-1,2021-10-05 12:51:38
164398091,21184809,GERES,PKP,-1,144.38076,42.507963,331.81819,-0.47160864,d,-13.928787,n,1.4768141,n,-999,0.49613436,IASPEI,-1,2021-10-06 09:18:32
164398092,21184809,GERES,SKPbc,-1,144.38076,42.507963,331.81819,-0.17653958,d,39.361935,n,0.39825489,n,-999,0.60621147,IASPEI,-1,2021-10-06 09:18:32
164405762,21185011,GERES,P,-1,59.624692,74.101195,311.19941,0.34302751,d,-13.431076,n,-1.229091,n,-999,0.77286765,IASPEI,-1,2021-10-06 10:08:39
164413296,21184060,GERES,P,-1,62.301458,74.855389,312.50881,-0.0073499078,d,-2.1717348,n,-0.26317775,n,-999,0.91395074,IASPEI,-1,2021-10-06 05:45:59
164414672,21189420,GERES,P,-1,59.606129,74.04645,311.1826,0.2428317,d,-1.3627957,n,-0.46630418,n,-999,0.66068952,IASPEI,-1,2021-10-07 09:32:32
164386314,21181062,GERES,Pn,-1,3.0264111,30.102453,211.95902,0.48413613,d,2.0093616,d,3.0450496,n,-999,0.59199194,IASPEI,-1,2021-10-05 14:28:28
164416321,21189211,GERES,P,-1,83.058917,60.303118,320.88332,0.3461787,d,12.380536,n,1.2848455,n,-999,0.73032696,IASPEI,-1,2021-10-07 08:42:36
164380080,21190350,GERES,PKKPbc,-1,93.754044,259.93957,41.25448,-1.0998572,n,-169.93957,n,3.9840231,n,-999,0.32959245,IASPEI,-1,2021-10-07 13:14:45
164380081,21190350,GERES,PKP2,-1,93.754044,259.93957,41.25448,-1.833805,n,-169.93957,n,4.5311411,n,-999,0.36439194,IASPEI,-1,2021-10-07 13:14:45
164384599,21180981,GERES,Pn,-1,4.4245423,262.85356,77.955685,0.85435305,d,-2.4744269,d,-0.17950224,n,-999,0.66232965,IASPEI,-1,2021-10-05 14:00:40
164388234,21184344,GERES,PKPbc,-1,149.85799,22.12866,344.64481,-0.14877898,d,-16.650067,d,-0.28530102,d,-999,0.89257527,IASPEI,-1,2021-10-06 07:32:04
164390945,21184724,GERES,P,-1,79.371781,31.562487,331.39408,-0.01709711,d,-4.2922916,n,0.18102065,n,-999,0.88769916,IASPEI,-1,2021-10-06 09:04:36
164394556,21186358,GERES,PKP,-1,161.85024,37.378147,331.30595,-0.64996532,d,-161.06822,n,-0.082265882,n,-999,0.5401204,IASPEI,-1,2021-10-06 15:30:25
164402132,21184487,GERES,Pn,-1,16.104881,144.06166,331.76794,4.0829238,n,-5.2379401,n,-0.96572986,n,-999,0.39279226,IASPEI,-1,2021-10-06 08:07:36
164417393,21189303,GERES,PKPab,-1,159.2791,28.578032,338.64515,-0.63610215,d,39.085992,n,0.4333849,n,-999,0.6347004,IASPEI,-1,2021-10-07 09:00:29
164384601,21180981,GERES,Pg,-1,4.4245423,262.85356,77.955685,-1.083144,d,4.1318831,d,-1.5715015,n,-999,0.46569405,IASPEI,-1,2021-10-05 14:00:40
164384698,21180981,GERES,Sn,-1,4.4245423,262.85356,77.955685,0.99401702,d,5.8397731,d,0.50451517,n,-999,0.355887,IASPEI,-1,2021-10-05 14:00:40
164384699,21180981,GERES,Lg,-1,4.4245423,262.85356,77.955685,0.67792953,d,2.0056431,d,-3.3007736,n,-999,0.3671648,IASPEI,-1,2021-10-05 14:00:40
164401217,21184418,GERES,Pn,-1,16.614147,127.16796,318.60002,1.2964306,d,3.0322044,d,-0.30045423,n,-999,0.35446437,IASPEI,-1,2021-10-06 07:48:27
164401218,21184407,GERES,P,-1,84.984286,64.537192,320.48062,-0.58459183,d,-15.807582,n,-0.06276523,n,-999,0.7361876,IASPEI,-1,2021-10-06 07:41:47
164406940,21184908,GERES,Pn,-1,16.117778,144.08365,331.78957,1.017874,d,-5.7228638,n,-0.81605045,n,-999,0.38576305,IASPEI,-1,2021-10-06 09:36:53
164426944,21185074,GERES,PKiKP,-1,113.71442,200.9607,28.280192,-0.38356917,d,130.96681,n,0.35296312,n,-999,0.499716,IASPEI,-1,2021-10-06 10:21:19
164397389,21184732,GERES,P,-1,63.112211,79.483566,313.43933,0.17633472,d,6.4029403,n,-0.20988118,n,-999,0.78713923,IASPEI,-1,2021-10-06 09:13:57
164428010,21185356,GERES,PKPbc,-1,148.00878,13.762191,350.52792,0.29388689,d,-21.128821,d,2.9438179,n,-999,0.62351836,IASPEI,-1,2021-10-06 11:26:43
164395570,21186465,GERES,Pn,-1,16.722513,127.0707,318.57719,-0.22023333,d,0.74960203,n,-1.4954234,n,-999,0.37817303,IASPEI,-1,2021-10-06 16:01:46
164462053,21188901,GERES,P,-1,62.258956,74.85823,312.49096,-0.3431422,d,3.7784927,n,0.88022826,n,-999,0.72817806,IASPEI,-1,2021-10-07 07:10:48
164471537,21195507,GERES,PKP,-1,126.87271,51.292752,328.71785,-0.95458278,d,1.1386558,n,-0.28745763,n,-999,0.65101676,IASPEI,-1,2021-10-08 13:54:01
164482991,21190983,GERES,PKP,-1,144.17412,42.571161,331.81164,-0.92832322,d,-11.803074,n,0.99719177,n,-999,0.47078069,IASPEI,-1,2021-10-07 15:39:48
164483243,21191072,GERES,Pn,-1,5.5934697,155.22795,337.55693,1.1286305,d,-3.4692929,n,-0.24877619,n,-999,0.68479995,IASPEI,-1,2021-10-07 16:13:21
164483247,21191072,GERES,Sn,-1,5.5934697,155.22795,337.55693,-0.39995696,d,5.0540081,n,-1.1360729,n,-999,0.36126224,IASPEI,-1,2021-10-07 16:13:21
164436240,21189395,GERES,P,-1,43.220568,84.419094,305.40327,0.38403647,d,-8.2341192,n,0.35461847,n,-999,0.88586847,IASPEI,-1,2021-10-07 09:19:27
164437098,21185636,GERES,P,-1,73.382779,88.534071,317.25606,-0.7235311,d,-6.09945,n,-1.1728534,n,-999,0.78304721,IASPEI,-1,2021-10-06 12:28:37
164478269,21194018,GERES,P,-1,74.728792,20.756449,337.36757,0.54232844,d,9.1356436,n,-0.58612028,n,-999,0.99290854,IASPEI,-1,2021-10-08 07:18:09
164480053,21207579,GERES,PKPbc,-1,146.11278,12.33279,351.58964,0.0079863266,d,15.081185,n,-0.5369043,n,-999,0.72808891,IASPEI,-1,2021-10-11 08:57:14
164465823,21194506,GERES,P,-1,77.82293,358.42935,1.744369,0.25547511,d,-3.8899252,n,0.26735022,n,-999,0.7445185,IASPEI,-1,2021-10-08 09:18:55
164484426,21191159,GERES,PKPbc,-1,149.33272,39.741279,332.74483,0.39617391,d,75.722066,n,-0.35432453,n,-999,0.63227238,IASPEI,-1,2021-10-07 16:34:18
164489891,21207216,GERES,Pn,-1,10.705696,149.22854,334.13716,-0.11687552,d,1.0907413,n,0.50153528,n,-999,0.58931967,IASPEI,-1,2021-10-11 06:50:12
164491178,21207372,GERES,P,-1,78.585554,26.875848,334.25542,0.64584294,d,-1.431402,n,0.68803213,n,-999,0.76144999,IASPEI,-1,2021-10-11 07:53:28
164438154,21185869,GERES,P,-1,62.285071,74.749716,312.48938,0.053728174,d,-1.584114,n,-1.8349093,n,-999,0.85967927,IASPEI,-1,2021-10-06 13:21:14
164476551,21194648,GERES,P,-1,76.470864,24.306758,335.2215,0.32416525,d,3.2715081,n,0.41629233,n,-999,1.0043722,IASPEI,-1,2021-10-08 09:56:34
164440847,21184719,GERES,Pn,-1,5.0408545,237.40185,52.92769,-0.021844031,d,2.6650837,n,-0.75207371,n,-999,0.69405254,IASPEI,-1,2021-10-06 09:03:23
164453193,21193852,GERES,PKPab,-1,159.35959,27.455998,339.46681,-0.88651151,d,177.95172,n,1.5587583,n,-999,0.58353095,IASPEI,-1,2021-10-08 06:38:39
164441059,21184719,GERES,Sn,-1,5.0408545,237.40185,52.92769,-0.51310759,d,-1.8103163,n,-1.0885102,n,-999,0.36408832,IASPEI,-1,2021-10-06 09:03:25
164441060,21184719,GERES,Lg,-1,5.0408545,237.40185,52.92769,0.63720607,d,6.8674477,n,-4.6508073,n,-999,0.36177012,IASPEI,-1,2021-10-06 09:03:25
164455108,21194513,GERES,P,-1,83.824188,57.736952,321.74425,0.044828043,d,-6.1035228,n,-0.70654376,n,-999,0.82220833,IASPEI,-1,2021-10-08 09:24:51
164456012,21190238,GERES,P,-1,83.854775,57.711716,321.76001,0.28686313,d,0.52880394,n,-1.7977034,n,-999,0.849925,IASPEI,-1,2021-10-07 12:40:09
164465044,21194414,GERES,P,-1,78.39709,32.206123,330.52675,-0.60073307,d,21.60067,n,1.2532516,n,-999,0.67774494,IASPEI,-1,2021-10-08 09:04:30
164457842,21190702,GERES,P,-1,82.788949,271.95103,41.662978,-0.14918821,d,-1.9510276,n,-1.3170386,n,-999,1.0053211,IASPEI,-1,2021-10-07 14:24:44
164468737,21194345,GERES,P,-1,77.820454,358.34393,1.8392332,0.29767105,d,-2.2419283,n,1.017652,n,-999,0.69104583,IASPEI,-1,2021-10-08 08:48:48
164443147,21189988,GERES,Pn,-1,15.83028,136.45659,325.63324,1.0099049,d,-0.17841354,n,-0.77631824,n,-999,0.42899906,IASPEI,-1,2021-10-07 11:39:38
164487956,21195588,GERES,PKPab,-1,163.26043,61.368313,311.85158,0.61623973,d,-9.7348837,n,0.0043074305,n,-999,0.88000565,IASPEI,-1,2021-10-08 14:05:41
164491545,21207458,GERES,P,-1,83.291475,60.066012,321.00552,0.52569168,d,0.1891069,n,-1.8999168,n,-999,0.72390195,IASPEI,-1,2021-10-11 08:17:24
164461757,21189014,GERES,P,-1,77.668017,358.25053,1.9498462,0.10871393,d,7.2280635,n,-2.6990472,n,-999,0.73067128,IASPEI,-1,2021-10-07 07:37:27
164485490,21191863,GERES,P,-1,44.833686,94.030567,310.47113,0.22365111,d,0.28474005,n,-0.10647457,n,-999,0.7659744,IASPEI,-1,2021-10-07 19:44:50
164437666,21189554,GERES,Pn,-1,10.659111,149.4322,334.293,-0.86688347,d,0.76421097,d,-0.86720567,n,-999,0.55629775,IASPEI,-1,2021-10-07 10:04:31
164463540,21194180,GERES,PKPab,-1,159.29673,35.021698,333.82966,0.63849322,d,-5.3866779,n,0.78304418,n,-999,0.83905004,IASPEI,-1,2021-10-08 08:03:07
164498087,21212102,GERES,PKPbc,-1,149.63784,23.437346,343.76676,-0.97374987,d,-47.665091,n,-0.32902636,n,-999,0.77071821,IASPEI,-1,2021-10-12 07:15:24
164443436,21190074,GERES,P,-1,40.004115,87.249776,304.78395,0.83668389,d,-4.9976881,n,-0.52640232,n,-999,0.80539293,IASPEI,-1,2021-10-07 12:09:30
164453681,21193941,GERES,PKPbc,-1,147.61909,22.138298,344.84015,0.28222076,d,67.861702,n,-0.019767368,n,-999,1.0195932,IASPEI,-1,2021-10-08 07:01:58
164487663,21194095,GERES,P,-1,44.905623,94.048408,310.51058,0.43970716,d,-5.7266451,n,-0.54640358,n,-999,0.72722703,IASPEI,-1,2021-10-08 07:40:44
164455501,21194515,GERES,P,-1,80.505802,37.569004,328.37573,0.35444177,d,-8.8795954,n,0.47633689,n,-999,0.94888998,IASPEI,-1,2021-10-08 09:26:15
164455503,21194515,GERES,PP,-1,80.505802,37.569004,328.37573,-3.9019398,n,-6.5625964,n,-2.6708831,n,-999,0.50046518,IASPEI,-1,2021-10-08 09:26:15
164470401,21195420,GERES,P,-1,82.701514,49.919087,323.80047,-0.20999946,d,-4.9190869,n,-1.2250841,n,-999,0.8776218,IASPEI,-1,2021-10-08 13:28:36
164488286,21195593,GERES,PKPbc,-1,148.01082,20.924509,345.63266,-0.043736912,d,-26.635099,d,0.26454992,d,-999,0.83056217,IASPEI,-1,2021-10-08 14:07:37
164489364,21207314,GERES,PKPbc,-1,147.50132,21.640862,345.18723,0.67164019,d,8.1207573,n,0.84203786,n,-999,1.0804708,IASPEI,-1,2021-10-11 07:20:12
164437896,21189559,GERES,P,-1,71.970879,17.197728,339.36075,0.031333059,d,15.273464,n,-2.5268232,n,-999,0.70353951,IASPEI,-1,2021-10-07 10:09:01
164584980,21221785,GERES,PKPbc,-1,147.32938,21.864456,345.04971,-0.23641237,d,-16.153863,d,-1.3845827,d,-999,0.7855265,IASPEI,-1,2021-10-14 08:43:13
164604491,21222615,GERES,Pdiff,-1,103.88991,72.428963,320.96202,2.0106072,n,48.270757,n,0.52681326,n,-999,1.0604279,IASPEI,-1,2021-10-14 12:10:27
164578397,21221732,GERES,P,-1,44.886948,94.138672,310.54255,0.4772565,d,3.1436193,n,0.29021683,n,-999,0.67657639,IASPEI,-1,2021-10-14 08:32:23
164564832,21217902,GERES,PKPbc,-1,147.14067,22.315302,344.76014,-0.076150452,d,-19.452897,n,-0.75161791,n,-999,0.75353129,IASPEI,-1,2021-10-13 11:42:02
164596713,21227218,GERES,P,-1,74.624287,354.52581,6.5422801,0.87090212,d,4.2136465,n,-0.54367916,n,-999,0.95858365,IASPEI,-1,2021-10-15 13:08:39
164600758,21225958,GERES,Pdiff,-1,103.87994,72.434003,320.96067,-0.11905318,n,-6.2934442,n,1.3470684,n,-999,8.3333333,IASPEI,-1,2021-10-15 07:29:59
164618619,21217484,GERES,P,-1,74.908623,354.69612,6.2946622,0.0070507947,d,-11.39536,n,-1.6091197,n,-999,0.77829927,IASPEI,-1,2021-10-13 09:58:30
164571188,21214611,GERES,Pn,-1,14.850203,147.57145,334.15643,2.7601873,n,11.247196,n,-2.1618162,n,-999,0.46128169,IASPEI,-1,2021-10-12 17:08:30
164579403,21221928,GERES,PKPbc,-1,147.44314,22.223515,344.79715,0.31290817,d,-1.4757417,n,0.57097574,n,-999,1.1013644,IASPEI,-1,2021-10-14 09:27:59
164559263,21218521,GERES,PKKPbc,-1,123.99941,51.832742,328.59403,0.30617902,n,138.88038,n,8.9402001,n,-999,0.3266773,IASPEI,-1,2021-10-13 15:00:14
164568709,21214045,GERES,P,-1,24.13199,343.76236,145.80816,0.059421022,d,-6.7350807,d,0.4830198,d,-999,0.57931374,IASPEI,-1,2021-10-12 14:42:14
164561347,21218381,GERES,P,-1,55.989872,219.97998,25.115792,0.44860026,d,-32.978712,n,0.49268784,n,-999,0.65774487,IASPEI,-1,2021-10-13 14:20:02
164561348,21218381,GERES,PP,-1,55.989872,219.97998,25.115792,-1.8984535,n,-9.866252,n,-1.2198027,n,-999,0.47881933,IASPEI,-1,2021-10-13 14:20:02
164564142,21223202,GERES,P,-1,95.561143,258.83995,41.412433,-0.40404338,d,-9.8774567,n,-0.81535046,n,-999,0.71167619,IASPEI,-1,2021-10-14 15:04:38
164585234,21221931,GERES,P,-1,31.461364,108.06418,312.05365,0.5459555,d,-4.134466,n,-0.039049507,n,-999,0.63038856,IASPEI,-1,2021-10-14 09:32:26
164597284,21227218,GERES,PKP2bc,-1,74.624287,354.52581,6.5422801,-1.4729758,n,-168.81522,n,14.063971,n,-999,0.32718448,IASPEI,-1,2021-10-15 13:08:38
164600977,21226023,GERES,Pn,-1,16.078665,144.24465,331.90385,1.4268697,d,-5.909417,n,-0.36608209,n,-999,0.39494927,IASPEI,-1,2021-10-15 07:40:55
164614141,21217962,GERES,PKPbc,-1,147.47671,22.374423,344.69211,0.42604376,d,-0.58252783,n,0.39384403,n,-999,1.1013644,IASPEI,-1,2021-10-13 12:02:31
164566848,21213616,GERES,PKPbc,-1,145.07108,28.169022,341.03132,0.59272078,d,14.228416,n,-0.15020751,n,-999,0.66546323,IASPEI,-1,2021-10-12 12:59:46
164577731,21221661,GERES,P,-1,78.820275,35.682036,328.64838,-0.051966157,d,-7.2274889,n,0.74926382,n,-999,0.97065174,IASPEI,-1,2021-10-14 08:06:35
164594909,21222373,GERES,PKP,-1,127.5409,50.112704,329.29156,0.80802482,d,29.102998,n,0.95855373,n,-999,0.77775009,IASPEI,-1,2021-10-14 10:56:53
164600981,21226025,GERES,P,-1,17.186954,143.51547,331.6918,-0.23728008,d,-1.3088093,n,-0.40661419,n,-999,0.34266067,IASPEI,-1,2021-10-15 07:43:57
164607215,21222798,GERES,P,-1,74.777881,354.60804,6.4195588,-0.37062159,d,-2.162529,n,1.1634514,n,-999,0.68871121,IASPEI,-1,2021-10-14 13:00:22
164567864,21214492,GERES,P,-1,95.414522,263.00729,41.550691,0.59721066,d,-30.575875,n,-0.14796419,n,-999,0.62936168,IASPEI,-1,2021-10-12 16:36:09
164571439,21214669,GERES,PKPbc,-1,149.68779,21.859072,344.84656,0.082893357,d,6.7197216,n,0.72424686,n,-999,0.92013104,IASPEI,-1,2021-10-12 17:18:42
164579667,21212033,GERES,P,-1,38.484408,108.42019,315.17439,-0.46121855,d,7.7121903,n,-0.86943868,n,-999,0.75737578,IASPEI,-1,2021-10-12 06:48:18
164585345,21223324,GERES,Pdiff,-1,111.90158,349.01799,7.6376931,-0.72221262,n,10.750014,n,-0.84448937,n,-999,1.2695191,IASPEI,-1,2021-10-14 15:41:20
164585346,21223324,GERES,PP,-1,111.90158,349.01799,7.6376931,-0.10046207,n,-27.677796,n,-3.754603,n,-999,0.50968909,IASPEI,-1,2021-10-14 15:41:20
164617908,21226313,GERES,PKPbc,-1,145.35852,43.312155,331.13899,-0.11350748,d,-17.590834,n,1.9175499,n,-999,0.78068101,IASPEI,-1,2021-10-15 08:48:22
164602898,21218382,GERES,PKP,-1,123.92556,52.281782,328.37265,-0.061648339,d,-22.025345,n,1.8027178,n,-999,0.68333439,IASPEI,-1,2021-10-13 14:22:08
164610199,21223095,GERES,Pn,-1,12.246403,246.37541,55.372699,-0.87969603,d,-0.87159674,n,-0.85104982,n,-999,0.58554188,IASPEI,-1,2021-10-14 14:19:59
164610202,21223095,GERES,Sn,-1,12.246403,246.37541,55.372699,0.84488138,d,0.83182526,n,-4.4556087,n,-999,0.33160996,IASPEI,-1,2021-10-14 14:19:59
164559699,21218761,GERES,P,-1,37.731538,99.183122,309.77227,-0.3540786,d,-3.8604016,n,-0.60289004,n,-999,0.70882891,IASPEI,-1,2021-10-13 15:32:05
164613382,21223260,GERES,P,-1,100.37218,68.154774,321.9259,-0.019580603,d,-19.340699,n,-1.3101129,n,-999,0.47986775,IASPEI,-1,2021-10-14 15:22:14
164613047,21227220,GERES,P,-1,77.272597,26.07339,334.23544,-0.17978751,d,3.56163,n,-0.44031398,n,-999,1.0241707,IASPEI,-1,2021-10-15 13:10:59
164613220,21227220,GERES,PKKPbc,-1,77.272597,26.07339,334.23544,-0.63050137,n,164.13058,n,7.1977727,n,-999,0.32457023,IASPEI,-1,2021-10-15 13:10:59
164614471,21223626,GERES,P,-1,62.221415,74.957591,312.48672,-0.98232393,d,12.218409,n,0.70443183,n,-999,0.81253306,IASPEI,-1,2021-10-14 17:28:41
164595368,21222444,GERES,Pn,-1,10.64062,237.99415,49.247802,-0.10721874,d,-4.7478333,d,-0.53636309,n,-999,0.56566619,IASPEI,-1,2021-10-14 11:17:54
164595371,21222444,GERES,Sn,-1,10.64062,237.99415,49.247802,-0.34876331,d,1.3872367,d,-1.742287,n,-999,0.33362112,IASPEI,-1,2021-10-14 11:17:54
164609288,21217806,GERES,P,-1,74.830546,354.64705,6.3650103,0.058603606,d,2.2012278,n,0.044297291,n,-999,0.90372923,IASPEI,-1,2021-10-13 11:16:31
164617206,21227300,GERES,P,-1,89.35336,42.250334,329.20241,-0.77036681,d,12.615635,n,0.70078197,n,-999,0.74435693,IASPEI,-1,2021-10-15 13:31:25
164617421,21227301,GERES,P,-1,84.808398,56.902279,322.26068,0.98057342,d,-15.975376,n,0.5539906,n,-999,0.75228421,IASPEI,-1,2021-10-15 13:32:11
164580038,21222018,GERES,P,-1,62.310474,74.740377,312.49919,0.13817414,d,-2.0567232,n,-0.26974952,n,-999,0.84748535,IASPEI,-1,2021-10-14 09:44:51
164607820,21222952,GERES,P,-1,79.717794,5.0842304,354.61655,0.57349441,d,4.6220206,n,0.45577289,n,-999,0.88938947,IASPEI,-1,2021-10-14 13:38:20
164618736,21219459,GERES,P,-1,82.710006,271.96173,41.669583,-0.20583595,d,-29.720272,n,-2.2879803,n,-999,0.81896962,IASPEI,-1,2021-10-13 18:44:24
164569196,21213823,GERES,PKPbc,-1,148.08845,16.702858,348.50895,0.35092139,d,11.875936,n,0.51995647,n,-999,0.95056587,IASPEI,-1,2021-10-12 13:44:24
164594326,21222238,GERES,PKPbc,-1,151.2305,23.502143,343.5524,-0.22775075,d,10.61233,n,1.2939803,n,-999,0.78190022,IASPEI,-1,2021-10-14 10:19:05
164608640,21222953,GERES,PKPbc,-1,145.21395,29.398391,340.2056,1.2106715,d,-3.0653395,n,0.28091539,n,-999,0.70987431,IASPEI,-1,2021-10-14 13:40:35
164565690,21213461,GERES,P,-1,62.284698,74.711367,312.48474,0.25973332,d,-14.041248,n,-1.0357249,n,-999,0.87601254,IASPEI,-1,2021-10-12 12:22:50
164661198,21238312,GERES,P,-1,72.432621,18.362954,338.43199,-0.20860278,d,11.272066,n,-0.7986304,n,-999,0.80972816,IASPEI,-1,2021-10-18 10:10:09
164670222,21239221,GERES,PKhKP,-1,140.01848,41.770064,332.89902,-999,n,4.6271166,n,-999,n,-999,-1,-,-1,2021-10-18 14:14:33
164670352,21239221,GERES,PP,-1,140.01848,41.770064,332.89902,-0.36806821,n,-9.1283324,n,-0.45130474,n,-999,0.59206418,IASPEI,-1,2021-10-18 14:14:36
164670692,21239281,GERES,PKPbc,-1,153.27339,28.272332,339.948,-0.12914828,d,19.453979,n,1.7875645,n,-999,0.73191558,IASPEI,-1,2021-10-18 14:23:46
164670920,21239281,GERES,PKPab,-1,153.27339,28.272332,339.948,0.20034,d,19.105859,n,1.7102116,n,-999,0.76299659,IASPEI,-1,2021-10-18 14:23:46
164628972,21227336,GERES,P,-1,44.811426,267.52384,50.227097,-0.02858232,d,-11.761118,n,1.2486728,n,-999,0.69595958,IASPEI,-1,2021-10-15 13:36:21
164630138,21226101,GERES,P,-1,75.025939,22.594335,335.91013,-0.76007967,d,10.946473,n,0.34099582,n,-999,0.81120975,IASPEI,-1,2021-10-15 08:11:53
164652133,21221784,GERES,P,-1,78.446667,32.601097,330.30269,-1.6726621,d,4.7244226,n,4.3811042,n,-999,0.73605454,IASPEI,-1,2021-10-14 08:42:43
164659469,21238227,GERES,Pn,-1,14.078225,152.08292,337.55729,0.41198883,d,-4.0740621,n,0.081630654,n,-999,0.55557025,IASPEI,-1,2021-10-18 09:38:40
164637601,21226483,GERES,PKP,-1,144.68509,19.739794,346.66583,0.10868531,d,38.500726,n,0.72277969,n,-999,0.56496599,IASPEI,-1,2021-10-15 09:31:50
164669429,21239286,GERES,P,-1,44.753582,267.1644,50.0949,-0.18336773,d,0.9264527,n,0.031918468,n,-999,0.64178434,IASPEI,-1,2021-10-18 14:29:28
164620243,21219460,GERES,PKPbc,-1,148.56998,36.218757,335.23824,0.030013004,d,117.21619,n,-1.1144011,n,-999,1.1013644,IASPEI,-1,2021-10-13 18:48:44
164620246,21219460,GERES,pPKPbc,-1,148.56998,36.218757,335.23824,1.1091704,d,4.017601,n,-0.59615522,n,-999,0.80119673,IASPEI,-1,2021-10-13 18:48:45
164623822,21219780,GERES,Pn,-1,16.549201,141.02902,329.52947,1.0588275,d,1.5062318,n,-0.65106506,n,-999,0.37922277,IASPEI,-1,2021-10-13 20:45:27
164663441,21226094,GERES,PKP,-1,139.19178,41.385667,333.23138,-0.52896526,d,43.644592,n,0.46233737,n,-999,0.26617283,IASPEI,-1,2021-10-15 08:00:00
164643174,21237965,GERES,PKPbc,-1,147.37663,14.318965,350.17925,0.96328015,d,-8.6083717,n,-1.4901964,n,-999,0.72830082,IASPEI,-1,2021-10-18 08:28:56
164657907,21237809,GERES,P,-1,62.211172,74.861564,312.47088,0.43059114,d,6.9817127,n,0.78869422,n,-999,0.66806289,IASPEI,-1,2021-10-18 07:39:43
164667354,21239197,GERES,Lg,-1,3.7010561,63.170178,247.09464,-0.86152403,d,1.4836456,d,-6.5224221,n,-999,0.36708927,IASPEI,-1,2021-10-18 13:57:45
164648146,21223029,GERES,PKP,-1,123.05042,229.77992,51.821965,0.1940355,d,-21.707429,n,0.36158708,n,-999,0.76434374,IASPEI,-1,2021-10-14 14:10:24
164651405,21237791,GERES,PKiKP,-1,112.65956,74.37926,320.11589,-0.22012002,d,-26.652949,n,0.075743446,n,-999,0.57698767,IASPEI,-1,2021-10-18 07:36:25
164668289,21239087,GERES,P,-1,91.540716,149.51781,335.49537,-0.51047351,d,10.345894,n,-0.36059829,n,-999,0.69861895,IASPEI,-1,2021-10-18 13:36:55
164650370,21223392,GERES,PKP,-1,123.54333,51.508427,328.77483,-0.24578743,d,27.707275,n,0.94665509,n,-999,0.70184182,IASPEI,-1,2021-10-14 16:12:41
164650372,21223386,GERES,PKiKP,-1,112.20632,74.797216,320.02989,-0.51194787,d,-12.443191,n,0.42072435,n,-999,0.57435957,IASPEI,-1,2021-10-14 16:00:17
164665022,21222817,GERES,P,-1,58.126958,74.084886,310.46402,-0.12127707,d,6.8215182,n,-0.32334732,n,-999,0.75246051,IASPEI,-1,2021-10-14 13:12:53
164621676,21219513,GERES,P,-1,28.492096,278.10028,67.095776,0.060582615,d,12.332695,n,0.32893957,n,-999,0.58574933,IASPEI,-1,2021-10-13 19:14:01
164624096,21219780,GERES,ScP,-1,16.549201,141.02902,329.52947,-0.17406368,d,27.661054,n,0.066356304,n,-999,0.44418466,IASPEI,-1,2021-10-13 20:45:27
164642466,21237823,GERES,P,-1,88.201992,282.66399,40.833078,0.41655058,d,-71.700228,n,-2.396773,n,-999,0.74744931,IASPEI,-1,2021-10-18 07:56:13
164646316,21238857,GERES,PKP,-1,123.60355,51.52763,328.76293,0.015028333,d,15.852505,n,-0.1710034,n,-999,0.78491648,IASPEI,-1,2021-10-18 12:49:01
164647262,21222951,GERES,PKPbc,-1,147.81507,21.957549,344.94631,0.67868416,d,5.4564258,n,0.71191486,n,-999,0.9247551,IASPEI,-1,2021-10-14 13:36:57
164671726,21239430,GERES,PKPbc,-1,152.53156,28.162412,340.13668,-0.55734406,d,23.730011,n,6.4039039,n,-999,0.67398676,IASPEI,-1,2021-10-18 15:03:23
164646462,21238857,GERES,PKKPbc,-1,123.60355,51.52763,328.76293,0.18803192,n,161.70408,n,8.5228918,n,-999,0.31838684,IASPEI,-1,2021-10-18 12:48:56
164680599,21243606,GERES,Pdiff,-1,103.59741,72.071825,321.04834,0.19117831,n,-2.8180854,n,0.29371938,n,-999,4.3556784,IASPEI,-1,2021-10-19 15:52:39
164680973,21243606,GERES,PP,-1,103.59741,72.071825,321.04834,0.85222434,n,4.0584886,n,0.71845748,n,-999,0.51909112,IASPEI,-1,2021-10-19 15:52:23
164681162,21243606,GERES,PKKPbc,-1,103.59741,72.071825,321.04834,-0.18752962,n,179.49322,n,4.2651209,n,-999,0.32366133,IASPEI,-1,2021-10-19 15:52:41
164629871,21217388,GERES,P,-1,78.334066,26.579148,334.35859,-0.39136001,d,69.972812,n,0.37275752,n,-999,0.68382558,IASPEI,-1,2021-10-13 09:34:32
164634034,21226682,GERES,PKPab,-1,153.18183,28.832017,339.56849,0.30812582,d,-14.965362,n,0.45996195,n,-999,0.70276626,IASPEI,-1,2021-10-15 10:17:15
164645645,21222261,GERES,P,-1,47.958743,70.507937,303.35582,0.12283099,d,0.094251411,n,2.2927455,n,-999,0.64401753,IASPEI,-1,2021-10-14 10:25:36
164709974,21238945,GERES,P,-1,84.620446,94.33062,318.78733,0.3466625,d,43.62853,n,2.0222615,n,-999,0.66925617,IASPEI,-1,2021-10-18 13:14:39
164724521,21246685,GERES,PKPbc,-1,148.27144,42.163185,331.34045,0.44917368,d,-3.0346912,n,-0.30440978,n,-999,0.76217791,IASPEI,-1,2021-10-20 09:05:28
164730768,21246975,GERES,PKPab,-1,160.24158,30.13276,337.26674,-0.00039329553,d,2.2859236,n,0.8641746,n,-999,0.68685509,IASPEI,-1,2021-10-20 10:43:44
164718433,21238187,GERES,Pn,-1,3.0824849,28.891397,210.7173,0.74240025,d,2.727643,n,-1.7667503,n,-999,0.66999254,IASPEI,-1,2021-10-18 09:34:12
164718436,21238187,GERES,Sn,-1,3.0824849,28.891397,210.7173,-0.32164346,d,6.975709,n,1.0597451,n,-999,0.36223367,IASPEI,-1,2021-10-18 09:34:12
164718437,21238187,GERES,Lg,-1,3.0824849,28.891397,210.7173,-0.050565866,d,-3.690273,n,5.0975834,n,-999,0.36222275,IASPEI,-1,2021-10-18 09:34:12
164723207,21246620,GERES,PKPbc,-1,150.61038,24.105727,343.20314,-0.58310899,d,22.291454,n,1.4679284,n,-999,0.84282018,IASPEI,-1,2021-10-20 08:39:02
164725621,21246693,GERES,PKPbc,-1,150.81539,23.098146,343.878,0.066010539,d,-28.453966,n,0.75053904,n,-999,0.85976448,IASPEI,-1,2021-10-20 09:15:51
164732909,21247690,GERES,P,-1,79.851359,286.38986,41.907499,-0.12703081,d,2.6357475,n,-1.3228453,n,-999,0.77947728,IASPEI,-1,2021-10-20 14:22:18
164737048,21247025,GERES,P,-1,21.89874,100.24025,300.89366,1.7211605,d,5.7800385,d,-0.43913182,d,-999,0.51310619,IASPEI,-1,2021-10-20 11:12:36
164737899,21242670,GERES,PKPbc,-1,148.50778,15.292224,349.45038,0.94622248,d,-2.7199584,n,0.50766539,n,-999,0.7884939,IASPEI,-1,2021-10-19 11:30:35
164737900,21242834,GERES,Pn,-1,15.670779,147.5387,334.38235,2.1321994,d,-2.5307186,n,-9.4386012,n,-999,0.42074984,IASPEI,-1,2021-10-19 12:03:59
164687294,21241959,GERES,P,-1,100.09736,67.515921,322.07614,0.83645142,d,-18.474359,n,-0.051603615,n,-999,0.50472957,IASPEI,-1,2021-10-19 07:49:35
164712007,21240125,GERES,PKPbc,-1,150.97564,24.771265,342.70116,0.15996204,d,12.098633,n,-1.7003574,n,-999,0.90825086,IASPEI,-1,2021-10-18 19:35:49
164732356,21247784,GERES,P,-1,70.579756,352.3358,10.185968,0.61868219,d,3.0787386,n,-0.43772515,n,-999,0.98744507,IASPEI,-1,2021-10-20 14:49:12
164726243,21240344,GERES,P,-1,36.847555,103.24225,311.61936,-0.55762407,d,-3.6535045,n,0.40150564,n,-999,0.71844067,IASPEI,-1,2021-10-18 21:15:41
164740983,21243433,GERES,PKP,-1,159.08604,28.450977,338.77989,0.13788378,d,88.114073,n,0.30727239,n,-999,0.49234652,IASPEI,-1,2021-10-19 15:01:00
164692196,21243308,GERES,P,-1,75.890987,354.21378,6.6889938,-1.0535482,d,-10.402987,n,-2.5479876,n,-999,0.69793239,IASPEI,-1,2021-10-19 14:17:00
164692198,21243435,GERES,PKP,-1,130.33779,48.579481,329.91695,0.39491315,d,18.418458,n,-0.24277971,n,-999,0.67929133,IASPEI,-1,2021-10-19 15:02:46
164700162,21232315,GERES,P,-1,58.534774,81.433656,312.03934,0.15889523,d,7.1219369,n,-2.6891882,n,-999,0.77839962,IASPEI,-1,2021-10-16 19:20:22
164716789,21246484,GERES,P,-1,78.016598,30.046877,331.75235,0.3145556,d,-2.5900907,n,0.04273076,n,-999,1.1306351,IASPEI,-1,2021-10-20 08:08:16
164719562,21239502,GERES,Pn,-1,16.019077,143.53993,331.32688,0.28610646,d,2.9091664,n,-0.53484906,n,-999,0.400623,IASPEI,-1,2021-10-18 15:28:23
164713917,21243518,GERES,Pn,-1,16.667844,141.33309,329.81031,1.3280889,d,-0.89678026,n,-0.15686712,n,-999,0.36280045,IASPEI,-1,2021-10-19 15:19:30
164713922,21243517,GERES,P,-1,93.155085,93.580782,318.58052,0.45424519,d,28.106218,n,0.66254428,n,-999,0.64194506,IASPEI,-1,2021-10-19 15:19:15
164730070,21246835,GERES,P,-1,85.228815,63.181311,320.81909,0.64685191,d,-16.742311,n,-0.41376023,n,-999,0.7566442,IASPEI,-1,2021-10-20 10:05:08
164691455,21243097,GERES,PKPbc,-1,149.0351,22.130887,344.72068,-0.10085977,d,1.3866073,d,1.3001959,d,-999,0.86942927,IASPEI,-1,2021-10-19 13:35:14
164707349,21242009,GERES,PKPbc,-1,149.63816,21.921764,344.80811,-0.46386675,d,6.6570298,n,0.7151984,n,-999,0.98754824,IASPEI,-1,2021-10-19 08:14:43
164736869,21242050,GERES,PKPab,-1,161.00063,99.826347,281.95413,1.2841849,d,-9.386704,n,-0.059070988,n,-999,0.64213131,IASPEI,-1,2021-10-19 08:20:29
164686672,21241899,GERES,PKiKP,-1,112.46653,74.324919,320.14734,-0.52372596,d,-6.9447842,n,-0.17178338,n,-999,0.56350776,IASPEI,-1,2021-10-19 07:33:30
164731150,21247019,GERES,Pn,-1,16.764423,139.0407,328.04456,-0.62388344,d,1.2942262,n,-0.12799315,n,-999,0.35698315,IASPEI,-1,2021-10-20 11:02:29
164737384,21247084,GERES,P,-1,61.041274,260.47636,42.547823,0.68066344,d,-12.679838,n,-1.6096886,n,-999,0.79047457,IASPEI,-1,2021-10-20 11:27:25
164714112,21243447,GERES,PKPbc,-1,146.74352,13.341961,350.87616,0.46099926,d,-16.204361,n,-0.96254659,n,-999,0.6949501,IASPEI,-1,2021-10-19 15:10:05
164739695,21242788,GERES,P,-1,88.285449,46.441797,326.98638,-0.67267961,d,-13.531665,n,0.25680443,n,-999,0.90372923,IASPEI,-1,2021-10-19 11:56:26
164707507,21242229,GERES,P,-1,45.077602,139.76291,334.32577,0.87329474,d,-8.3709359,n,0.75219169,n,-999,0.68120209,IASPEI,-1,2021-10-19 09:20:11
164741199,21243433,GERES,PKPab,-1,159.08604,28.450977,338.77989,0.15119068,d,1.9809956,n,1.1144832,n,-999,0.695936,IASPEI,-1,2021-10-19 15:00:59
164734623,21246618,GERES,P,-1,65.780515,76.666153,314.06548,0.31790124,d,10.328145,n,-0.39478213,n,-999,0.77146455,IASPEI,-1,2021-10-20 08:38:19
164734945,21246681,GERES,P,-1,84.75483,53.219517,323.36161,0.35885201,d,-30.437111,n,2.2038684,n,-999,0.6797514,IASPEI,-1,2021-10-20 09:01:36
164715257,21243534,GERES,P,-1,50.839448,159.19765,346.43126,-1.6452319,d,0.63592286,n,0.3051156,n,-999,0.71927888,IASPEI,-1,2021-10-19 15:34:08
164721793,21239641,GERES,P,-1,70.657557,265.60991,42.250761,-0.77348342,d,-3.1352977,n,0.045755314,n,-999,0.87291404,IASPEI,-1,2021-10-18 16:00:09
164698564,21239647,GERES,Pn,-1,15.988056,143.57032,331.34046,2.1271867,d,6.6933053,n,-1.0237583,n,-999,0.41484602,IASPEI,-1,2021-10-18 16:11:32
164720925,21239628,GERES,Pn,-1,3.7095632,64.36163,248.32806,0.64836422,d,1.6758807,d,0.74578836,n,-999,0.64357423,IASPEI,-1,2021-10-18 15:56:59
164720926,21239628,GERES,Pg,-1,3.7095632,64.36163,248.32806,0.38573046,d,-4.1801753,d,-1.069783,n,-999,0.48013479,IASPEI,-1,2021-10-18 15:56:59
164720930,21239628,GERES,Sn,-1,3.7095632,64.36163,248.32806,0.41694848,d,-10.4341,n,0.20660511,n,-999,0.35191612,IASPEI,-1,2021-10-18 15:56:59
164720932,21239628,GERES,Lg,-1,3.7095632,64.36163,248.32806,0.020147757,d,1.9730777,d,-4.8825241,n,-999,0.36765137,IASPEI,-1,2021-10-18 15:56:59
164734760,21241992,GERES,PKPbc,-1,149.8472,21.192727,345.29057,0.79725394,d,16.9645,d,-0.10520369,d,-999,0.82161952,IASPEI,-1,2021-10-19 07:57:59
164735131,21246745,GERES,PKP,-1,144.75921,41.695177,332.27465,-1.3903627,d,-13.995704,n,4.318969,n,-999,0.46260034,IASPEI,-1,2021-10-20 09:30:07
164743918,21244317,GERES,PKPbc,-1,147.94508,118.51361,282.73329,0.39847155,d,5.1764612,n,-0.3896388,n,-999,0.64784468,IASPEI,-1,2021-10-19 19:18:17
164744099,21244208,GERES,PKP,-1,123.95335,51.634345,328.69552,-0.088912325,d,11.501344,n,-0.16695893,n,-999,0.75376545,IASPEI,-1,2021-10-19 18:50:27
164688889,21242242,GERES,P,-1,36.732167,215.40956,23.495109,0.077750524,d,-15.483981,n,-0.16518241,n,-999,0.71919733,IASPEI,-1,2021-10-19 09:32:45
164695324,21238970,GERES,P,-1,59.380922,158.71246,345.96726,-0.47786631,d,0.37955802,n,2.4251922,n,-999,0.74398214,IASPEI,-1,2021-10-18 13:16:43
164708685,21242302,GERES,PKP,-1,159.46451,23.962627,342.05937,-0.45740533,d,29.504769,d,4.168254,n,-999,0.50230379,IASPEI,-1,2021-10-19 09:39:43
164722022,21246546,GERES,PKP,-1,117.57577,236.62202,47.970654,0.046248765,d,-15.077994,n,0.28829492,n,-999,0.7269644,IASPEI,-1,2021-10-20 08:19:18
164716462,21239743,GERES,P,-1,65.922692,80.462359,314.5254,-0.026811065,d,-7.2387044,n,0.77328252,n,-999,0.81664298,IASPEI,-1,2021-10-18 16:54:07
164740978,21243382,GERES,P,-1,83.780269,51.384942,323.66027,-0.06154369,d,-4.9459416,n,-0.53838687,n,-999,0.79460166,IASPEI,-1,2021-10-19 14:51:22
164740982,21243382,GERES,PP,-1,83.780269,51.384942,323.66027,-0.13919562,n,-21.749922,n,-3.0311782,n,-999,0.46862269,IASPEI,-1,2021-10-19 14:51:22
164694577,21238229,GERES,PKP,-1,144.89872,19.70243,346.67785,0.8252411,d,8.8763644,n,1.5498129,n,-999,0.58889613,IASPEI,-1,2021-10-18 09:40:07
164708838,21242324,GERES,PKPbc,-1,145.01287,41.996372,332.04045,-0.93654799,d,14.313608,n,-0.56639259,n,-999,0.61982099,IASPEI,-1,2021-10-19 09:52:37
164708841,21235766,GERES,PKP,-1,144.74192,41.686255,332.28315,-0.73851567,d,-12.051235,n,3.4373474,n,-999,0.47986118,IASPEI,-1,2021-10-17 19:11:49
164523920,21212727,GERES,PKPbc,-1,148.85124,21.425878,345.21971,-0.006063614,d,-1.5215747,d,0.76063193,d,-999,0.77270232,IASPEI,-1,2021-10-12 09:48:10
164530018,21212153,GERES,PKPbc,-1,150.17088,13.701838,350.45123,-0.42923534,d,5.0365698,n,0.97012072,n,-999,0.69329732,IASPEI,-1,2021-10-12 07:20:34
164544168,21217126,GERES,PKP,-1,127.16275,50.126414,329.30746,-0.42787522,d,15.429631,n,0.47579184,n,-999,0.64789962,IASPEI,-1,2021-10-13 07:59:01
164537244,21212649,GERES,P,-1,59.358269,79.429099,311.97242,-0.11539922,d,-3.3490604,d,-0.73585152,d,-999,0.71099051,IASPEI,-1,2021-10-12 09:35:35
164537569,21212829,GERES,P,-1,50.957198,77.959817,307.52979,0.52945228,d,3.8834597,n,-0.028340502,n,-999,0.74543203,IASPEI,-1,2021-10-12 10:03:22
164509532,21212172,GERES,PKPbc,-1,146.67096,44.14208,330.36079,0.21803941,d,3.584231,n,-0.97310769,n,-999,0.71192168,IASPEI,-1,2021-10-12 07:33:41
164520236,21207581,GERES,P,-1,55.680444,219.2312,24.695623,-0.79159165,d,116.54105,n,-4.2648352,n,-999,0.66370164,IASPEI,-1,2021-10-11 08:59:09
164544817,21217647,GERES,P,-1,64.76021,16.776943,335.02443,-0.31922502,d,-0.64553401,n,-1.874874,n,-999,0.90130213,IASPEI,-1,2021-10-13 10:56:29
164503049,21212240,GERES,PKKPbc,-1,83.41748,41.441242,327.60275,0.021794283,n,134.98243,n,4.5235168,n,-999,0.3241879,IASPEI,-1,2021-10-12 07:51:37
164519263,21217272,GERES,Pn,-1,15.920344,143.72234,331.43798,1.2385664,d,-9.2952801,n,5.9390551,n,-999,0.39663755,IASPEI,-1,2021-10-13 08:54:29
164537005,21212642,GERES,P,-1,31.588996,108.03428,312.09443,-0.13147695,d,2.7866107,n,1.348737,n,-999,0.71111947,IASPEI,-1,2021-10-12 09:31:40
164537007,21212642,GERES,PcP,-1,31.588996,108.03428,312.09443,-0.39238342,d,55.266481,n,-1.302213,n,-999,0.63984881,IASPEI,-1,2021-10-12 09:31:40
164545450,21217974,GERES,PP,-1,74.559744,27.629732,331.65189,2.0697459,n,5.0269519,n,-2.3634363,n,-999,0.60103328,IASPEI,-1,2021-10-13 12:11:28
164549102,21218380,GERES,PKP,-1,124.16014,51.130309,328.94106,0.59003974,d,30.368154,n,-0.66474424,n,-999,0.79897324,IASPEI,-1,2021-10-13 14:19:58
164549684,21218918,GERES,PKP,-1,148.47327,35.884312,335.47758,0.41158366,d,7.938172,n,0.53816401,n,-999,0.66454352,IASPEI,-1,2021-10-13 15:47:01
164549688,21218918,GERES,pPKPbc,-1,148.47327,35.884312,335.47758,-0.95862148,d,-7.305518,n,0.37262095,n,-999,0.68280466,IASPEI,-1,2021-10-13 15:47:01
164507801,21208808,GERES,P,-1,90.464664,68.231609,320.81799,-0.17714042,d,-19.190047,n,-0.2507394,n,-999,0.83151929,IASPEI,-1,2021-10-11 14:40:53
164507802,21208808,GERES,pP,-1,90.464664,68.231609,320.81799,0.0073579219,d,-11.921677,n,-1.2939015,n,-999,0.5945139,IASPEI,-1,2021-10-11 14:40:53
164545231,21217974,GERES,P,-1,74.559744,27.629732,331.65189,-0.37479746,d,8.1991929,n,-1.1454689,n,-999,1.2361704,IASPEI,-1,2021-10-13 12:11:29
164519433,21208322,GERES,PKPbc,-1,146.38504,25.918535,342.40323,-0.70255286,d,9.073485,d,0.78237472,d,-999,0.76555544,IASPEI,-1,2021-10-11 12:55:33
164543575,21217075,GERES,P,-1,31.572377,108.10069,312.12859,0.24262418,d,-4.4449889,n,0.092078061,n,-999,0.68278333,IASPEI,-1,2021-10-13 07:55:14
164543579,21217075,GERES,PcP,-1,31.572377,108.10069,312.12859,-0.51953839,d,38.875441,n,0.48866498,n,-999,0.61717617,IASPEI,-1,2021-10-13 07:55:14
164523208,21213827,GERES,Pn,-1,10.257929,234.98549,46.878459,-0.84022576,d,-2.4992907,d,-0.71424374,n,-999,0.60913958,IASPEI,-1,2021-10-12 13:48:01
164554372,21217440,GERES,Pn,-1,3.1836221,27.624721,209.44097,1.0911897,d,-1.4685757,d,0.80158272,n,-999,0.67780728,IASPEI,-1,2021-10-13 09:54:35
164554489,21217440,GERES,Sn,-1,3.1836221,27.624721,209.44097,0.13084472,d,-0.85170075,d,-0.55062037,n,-999,0.3510333,IASPEI,-1,2021-10-13 09:54:35
164554490,21217440,GERES,Lg,-1,3.1836221,27.624721,209.44097,-0.63590103,d,-1.2478327,d,-5.0484363,n,-999,0.37260461,IASPEI,-1,2021-10-13 09:54:35
164554906,21217481,GERES,PKPbc,-1,147.48109,21.896386,345.01565,0.8442479,d,1.3003069,n,0.7218008,n,-999,1.1013644,IASPEI,-1,2021-10-13 09:58:22
164542911,21217069,GERES,P,-1,80.53403,37.624781,328.35824,0.072420173,d,-9.8993637,n,0.092450026,n,-999,0.92839669,IASPEI,-1,2021-10-13 07:51:04
164542914,21217072,GERES,P,-1,62.285089,74.826479,312.4984,-0.0054718971,d,1.2535599,n,-0.51380896,n,-999,0.91522164,IASPEI,-1,2021-10-13 07:53:34
164500130,21195753,GERES,PKPbc,-1,147.38195,44.077315,330.26189,-1.0106022,d,2.3198664,d,-0.019846756,d,-999,0.64096819,IASPEI,-1,2021-10-08 14:49:13
164510703,21212222,GERES,PKP,-1,157.18691,129.22612,259.5923,-0.60601008,d,-20.791079,n,0.25756549,n,-999,0.55341916,IASPEI,-1,2021-10-12 07:48:36
164510706,21212222,GERES,PKPab,-1,157.18691,129.22612,259.5923,-1.1708248,d,-3.198749,n,-2.5032503,n,-999,0.69591944,IASPEI,-1,2021-10-12 07:48:36
164558982,21218521,GERES,PKP,-1,123.99941,51.832742,328.59403,0.16149721,d,38.167258,n,-0.5704581,n,-999,0.79721286,IASPEI,-1,2021-10-13 15:00:13
164508147,21208901,GERES,P,-1,67.731091,81.161536,315.15424,0.2391322,d,-4.3533442,n,0.13064388,n,-999,1.0773828,IASPEI,-1,2021-10-11 15:07:04
164532180,21212860,GERES,P,-1,69.616693,274.03115,43.78373,-0.23494319,d,-5.0823136,n,-0.55306614,n,-999,0.82523035,IASPEI,-1,2021-10-12 10:16:11
164540108,21214340,GERES,P,-1,78.43224,36.40828,328.05748,-0.33329617,d,-10.563523,n,-0.024633498,n,-999,0.78378568,IASPEI,-1,2021-10-12 15:37:18
164502477,21212240,GERES,P,-1,83.41748,41.441242,327.60275,-0.32702214,d,-5.6123171,n,-0.60701575,n,-999,0.89938517,IASPEI,-1,2021-10-12 07:51:55
164502481,21212240,GERES,PP,-1,83.41748,41.441242,327.60275,0.70078398,n,-7.0951451,n,1.5202751,n,-999,0.51002042,IASPEI,-1,2021-10-12 07:51:56
164515332,21207412,GERES,PKPbc,-1,149.32734,18.795436,346.98568,-0.38405958,d,23.715011,d,-0.46481047,d,-999,0.69106131,IASPEI,-1,2021-10-11 08:05:57
164541597,21216834,GERES,Pn,-1,3.146881,28.051206,209.86967,0.54963433,d,-1.2419135,d,-0.088429262,n,-999,0.65981049,IASPEI,-1,2021-10-13 06:36:51
164541598,21216834,GERES,Pg,-1,3.146881,28.051206,209.86967,-1.6947506,d,0.11951348,d,-1.6569139,n,-999,0.50236375,IASPEI,-1,2021-10-13 06:36:51
164541602,21216834,GERES,Lg,-1,3.146881,28.051206,209.86967,0.7184633,d,1.7629825,d,-6.8986714,n,-999,0.36639137,IASPEI,-1,2021-10-13 06:36:51
164552785,21208996,GERES,PKP,-1,122.60349,52.534012,328.29985,1.8557084,d,61.909938,n,1.3169534,n,-999,0.63498562,IASPEI,-1,2021-10-11 15:18:11
164527797,21213468,GERES,PKP,-1,124.57391,53.793399,327.58958,-0.20634272,d,36.206601,n,-0.56896345,n,-999,0.6982486,IASPEI,-1,2021-10-12 12:32:07
164512719,21207789,GERES,Pn,-1,3.5593576,63.602669,247.38229,-0.16856926,d,-0.33003145,d,1.7396075,n,-999,0.58623813,IASPEI,-1,2021-10-11 10:03:11
164512720,21207789,GERES,Pg,-1,3.5593576,63.602669,247.38229,1.1425308,d,4.7187415,d,-1.2302744,n,-999,0.48747145,IASPEI,-1,2021-10-11 10:03:11
164512724,21207789,GERES,Lg,-1,3.5593576,63.602669,247.38229,0.41913631,d,2.8553125,d,-5.978,n,-999,0.37094785,IASPEI,-1,2021-10-11 10:03:11
164518153,21209501,GERES,PKPbc,-1,147.44704,21.910752,345.00872,0.71490216,d,-0.96847983,n,0.68459685,n,-999,1.0764517,IASPEI,-1,2021-10-11 17:35:26
164530787,21212734,GERES,PKP,-1,139.39477,91.034194,305.98207,0.28200472,d,-1.0341939,n,-1.1366068,n,-999,0.29366979,IASPEI,-1,2021-10-12 09:53:23
164543175,21217188,GERES,P,-1,62.238512,75.01484,312.50087,1.1643125,d,7.4307496,n,0.5138686,n,-999,0.68948092,IASPEI,-1,2021-10-13 08:31:00
164523748,21212644,GERES,P,-1,81.192306,93.143637,318.57169,0.7417859,d,-4.588044,n,0.33911907,n,-999,0.93672141,IASPEI,-1,2021-10-12 09:32:25
164523750,21212644,GERES,pP,-1,81.192306,93.143637,318.57169,0.62922466,d,-8.901456,n,0.4166438,n,-999,0.80932282,IASPEI,-1,2021-10-12 09:32:25
164548252,21218334,GERES,Pn,-1,15.749804,148.7334,335.35218,2.1517789,d,-1.0638346,n,-0.19535907,n,-999,0.41335957,IASPEI,-1,2021-10-13 14:06:58
164507599,21208686,GERES,PP,-1,109.40438,202.7749,26.823695,-0.74961232,n,-26.860516,n,-1.7521005,n,-999,0.4888868,IASPEI,-1,2021-10-11 14:15:57
164506689,21208108,GERES,P,-1,31.53333,108.06841,312.08999,0.74522524,d,-12.953883,n,-0.80839538,n,-999,0.60591086,IASPEI,-1,2021-10-11 11:44:55
164513851,21207851,GERES,PKPbc,-1,147.99844,21.652231,345.1384,0.3113726,d,-7.6929752,n,0.85278446,n,-999,1.0925711,IASPEI,-1,2021-10-11 10:23:19
164860195,21263566,GERES,P,-1,67.506363,351.369,12.593379,0.0023424878,d,4.3672294,n,0.17302102,n,-999,0.90252758,IASPEI,-1,2021-10-24 12:59:46
164835275,21266714,GERES,P,-1,17.095707,137.06086,326.61744,-0.49741917,d,-2.1060665,d,0.12393818,d,-999,0.3229273,IASPEI,-1,2021-10-25 09:26:06
164839016,21266562,GERES,Pn,-1,16.86024,137.25545,326.6787,0.71337662,d,2.2680099,n,0.53123332,n,-999,0.3502386,IASPEI,-1,2021-10-25 08:31:35
164839978,21266665,GERES,Pn,-1,3.0920712,30.643507,212.57345,0.26802986,d,-0.77238298,d,-1.810767,n,-999,0.65872366,IASPEI,-1,2021-10-25 09:07:38
164839982,21266665,GERES,Lg,-1,3.0920712,30.643507,212.57345,0.16930249,d,0.57485902,d,-5.0424986,n,-999,0.37234929,IASPEI,-1,2021-10-25 09:07:38
164844098,21266614,GERES,P,-1,40.303271,105.07092,314.02804,0.59031451,d,-1.6813389,n,0.72345108,n,-999,0.75887526,IASPEI,-1,2021-10-25 08:44:40
164847012,21267448,GERES,pPKPbc,-1,153.99441,30.26331,338.42553,-1.52007,d,-19.185378,n,-0.024761149,n,-999,0.68280466,IASPEI,-1,2021-10-25 14:23:10
164849543,21267536,GERES,Pn,-1,16.079437,143.94052,331.66379,0.35957797,d,-1.3999983,n,-0.45405551,n,-999,0.40124039,IASPEI,-1,2021-10-25 15:04:21
164846430,21255793,GERES,Pn,-1,15.932846,143.76609,331.47683,1.303893,d,-2.9468789,n,-0.85340315,n,-999,0.41680653,IASPEI,-1,2021-10-22 09:56:08
164820693,21255899,GERES,PKhKP,-1,136.95357,40.554055,333.96523,-999,n,-26.087752,n,-999,n,-999,-1,-,-1,2021-10-22 10:31:03
164820694,21255899,GERES,PKP,-1,136.95357,40.554055,333.96523,1.2076345,d,7.172256,n,-0.37130679,n,-999,0.4532287,IASPEI,-1,2021-10-22 10:31:03
164820696,21255899,GERES,SKPab,-1,136.95357,40.554055,333.96523,-2.7151976,n,15.755877,n,-1.0552906,n,-999,0.65463133,IASPEI,-1,2021-10-22 10:31:03
164847335,21267446,GERES,P,-1,85.438506,44.562416,326.89514,-0.70100874,d,-14.927396,n,0.24977668,n,-999,0.90372923,IASPEI,-1,2021-10-25 14:20:12
164847337,21267446,GERES,pP,-1,85.438506,44.562416,326.89514,-1.5867049,d,0.79591841,n,0.22405771,n,-999,0.54959164,IASPEI,-1,2021-10-25 14:20:12
164846807,21267448,GERES,PKP,-1,153.99441,30.26331,338.42553,0.72393649,d,88.34715,n,0.27517582,n,-999,0.64101769,IASPEI,-1,2021-10-25 14:23:13
164846808,21267448,GERES,PKPbc,-1,153.99441,30.26331,338.42553,2.5576725,n,-50.24642,n,-0.56670419,n,-999,0.81345816,IASPEI,-1,2021-10-25 14:23:13
164846810,21267448,GERES,PKPab,-1,153.99441,30.26331,338.42553,-0.71839216,d,-29.872157,n,1.7623764,n,-999,0.8333456,IASPEI,-1,2021-10-25 14:23:13
164818842,21255843,GERES,PKPbc,-1,149.96895,21.64698,344.9661,-0.17224696,d,147.04309,n,-1.1140264,n,-999,0.85030655,IASPEI,-1,2021-10-22 10:07:25
164826384,21256637,GERES,P,-1,10.218793,172.49839,353.67232,1.7971707,d,-3.5019308,n,1.767144,n,-999,0.47289588,IASPEI,-1,2021-10-22 14:59:59
164838350,21266387,GERES,P,-1,47.339931,68.124597,302.14931,0.94054413,d,13.71868,n,-0.28801934,n,-999,0.66862126,IASPEI,-1,2021-10-25 07:34:42
164863837,21267538,GERES,PKPab,-1,163.27882,60.538295,312.5065,0.32674879,d,-13.160104,n,1.5915107,n,-999,0.85229253,IASPEI,-1,2021-10-25 15:06:57
164863838,21267538,GERES,pPKPab,-1,163.27882,60.538295,312.5065,-0.15647307,n,-12.767075,n,-0.095099121,n,-999,0.68863725,IASPEI,-1,2021-10-25 15:06:57
164838613,21266558,GERES,Pn,-1,2.453808,190.71808,10.232037,0.18692773,d,-1.4320591,n,0.43472787,n,-999,0.62637063,IASPEI,-1,2021-10-25 08:26:55
164816178,21266348,GERES,Pn,-1,16.069823,143.64329,331.42567,1.4824529,d,0.14002667,n,-1.702536,n,-999,0.41668931,IASPEI,-1,2021-10-25 07:15:31
164817152,21266384,GERES,P,-1,97.113669,45.144287,329.73974,-1.1949264,d,-18.539507,n,1.0945519,n,-999,0.67128893,IASPEI,-1,2021-10-25 07:25:29
164838710,21266558,GERES,Sn,-1,2.453808,190.71808,10.232037,0.23127107,d,-5.9751491,n,5.9277736,n,-999,0.36290047,IASPEI,-1,2021-10-25 08:26:54
164815490,21255761,GERES,P,-1,18.626614,230.13123,38.340387,0.27597808,d,-10.32566,d,0.041913348,d,-999,0.40663325,IASPEI,-1,2021-10-22 09:49:09
164818157,21266498,GERES,P,-1,22.707323,92.690408,295.75864,1.2114883,d,-0.062356147,n,-0.6708872,n,-999,0.59752577,IASPEI,-1,2021-10-25 08:00:31
164831306,21252733,GERES,Pn,-1,3.2881216,28.995172,210.95925,0.10321932,d,-1.1067022,d,0.19839459,n,-999,0.68146483,IASPEI,-1,2021-10-21 15:28:21
164831310,21252733,GERES,Sn,-1,3.2881216,28.995172,210.95925,0.35898281,d,3.9970518,d,5.6595259,n,-999,0.36302026,IASPEI,-1,2021-10-21 15:28:21
164874526,21267259,GERES,PKPab,-1,154.2631,33.308123,336.22111,0.27294316,d,-8.9165582,n,-0.58249663,n,-999,0.76402368,IASPEI,-1,2021-10-25 13:01:35
164813590,21255837,GERES,P,-1,80.584968,9.6310463,350.1127,-0.11904733,d,9.6743127,n,0.76259059,n,-999,0.86522898,IASPEI,-1,2021-10-22 10:03:21
164830154,21252013,GERES,P,-1,23.555718,104.68316,305.36332,0.15290122,d,-10.441221,n,-1.7394144,n,-999,0.57158343,IASPEI,-1,2021-10-21 12:43:51
164915408,21277945,GERES,PKPbc,-1,147.25049,21.971481,344.98369,0.77092144,d,1.010588,n,0.54557633,n,-999,1.0912626,IASPEI,-1,2021-10-28 09:34:08
164918486,21279170,GERES,Pn,-1,9.857648,151.56772,335.83118,-0.38517604,d,1.0120396,n,0.0017972957,n,-999,0.56795624,IASPEI,-1,2021-10-28 15:00:39
164921541,21279404,GERES,Pn,-1,16.006118,143.81315,331.53865,1.6322561,d,-0.33508722,n,1.0056892,n,-999,0.39981271,IASPEI,-1,2021-10-28 16:34:21
164900629,21274995,GERES,PKPbc,-1,147.58219,21.721261,345.12609,0.9370548,d,-1.3199957,n,0.70296953,n,-999,1.1013644,IASPEI,-1,2021-10-27 14:25:56
164933037,21279721,GERES,PKPbc,-1,152.84862,17.493672,347.60045,-0.29053239,d,156.60019,n,0.56210398,n,-999,0.64189547,IASPEI,-1,2021-10-28 18:40:42
164912098,21277661,GERES,P,-1,79.388099,31.223756,331.62008,1.8572825,d,-4.6587052,n,0.85378788,n,-999,0.86541132,IASPEI,-1,2021-10-28 07:42:57
164889826,21268342,GERES,PKiKP,-1,110.17476,203.16674,27.690135,-0.12082159,d,-70.893055,n,0.094963322,n,-999,0.57343076,IASPEI,-1,2021-10-25 20:13:28
164910179,21278956,GERES,P,-1,98.503546,66.935705,322.10018,-0.6028959,d,0.72831892,n,0.34428453,n,-999,0.63400803,IASPEI,-1,2021-10-28 14:10:37
164916405,21278195,GERES,PKKPbc,-1,82.914975,60.597631,320.77443,0.12145135,n,148.76012,n,4.8170139,n,-999,0.33198553,IASPEI,-1,2021-10-28 10:39:21
164916407,21278195,GERES,PKP2,-1,82.914975,60.597631,320.77443,-2.8524193,n,106.87356,n,2.7185702,n,-999,0.36135534,IASPEI,-1,2021-10-28 10:39:21
164890897,21271139,GERES,P,-1,67.366625,209.71093,19.713914,-0.25552411,d,-0.17215475,n,-1.7404559,n,-999,0.71707997,IASPEI,-1,2021-10-26 14:31:42
164916601,21278011,GERES,P,-1,73.111419,89.887383,317.38354,0.72832299,d,-14.490744,n,0.040484464,n,-999,0.80597074,IASPEI,-1,2021-10-28 09:48:26
164882780,21274998,GERES,Pn,-1,16.045232,143.58373,331.37033,1.8194964,d,-0.92131239,n,-0.59539102,n,-999,0.40093654,IASPEI,-1,2021-10-27 14:29:00
164887346,21266659,GERES,PKPbc,-1,147.6174,13.803626,350.51933,0.30227319,d,27.110757,n,-0.17142602,n,-999,0.72722401,IASPEI,-1,2021-10-25 08:59:08
164909540,21278440,GERES,P,-1,67.931199,271.24664,43.732384,-0.35436298,d,4.60811,n,0.39705224,n,-999,0.9355535,IASPEI,-1,2021-10-28 11:44:17
164916001,21278195,GERES,P,-1,82.914975,60.597631,320.77443,0.18002024,d,-1.9871729,n,-0.00063509676,n,-999,0.94289129,IASPEI,-1,2021-10-28 10:39:12
164927957,21270749,GERES,P,-1,37.970009,2.3754669,205.10602,0.41817173,d,9.3496451,n,-1.2159217,n,-999,0.71031524,IASPEI,-1,2021-10-26 12:16:42
164923071,21281648,GERES,P,-1,82.060171,331.87967,25.153606,0.12978602,d,-15.908648,n,-1.1521988,n,-999,0.66655003,IASPEI,-1,2021-10-29 08:03:54
164876379,21274534,GERES,Pn,-1,16.04335,144.03295,331.72487,2.887333,n,-1.0962548,n,-0.51531628,n,-999,0.41251655,IASPEI,-1,2021-10-27 12:02:20
164890056,21270885,GERES,Pn,-1,10.982745,149.60318,334.55092,0.14968693,d,0.049664605,n,0.2505671,n,-999,0.61736243,IASPEI,-1,2021-10-26 13:04:51
164898464,21267454,GERES,PKPbc,-1,148.25551,20.923637,345.61331,2.2523148,d,7.655157,n,0.61108816,n,-999,0.93912333,IASPEI,-1,2021-10-25 14:27:48
164930101,21281598,GERES,PKPbc,-1,150.82715,27.485786,340.84319,-0.1169673,d,-8.1811305,n,1.0465892,n,-999,0.78814297,IASPEI,-1,2021-10-29 07:49:38
164902358,21275258,GERES,Pn,-1,16.075409,143.95677,331.6753,1.6809731,d,-3.4713931,n,-0.053848125,n,-999,0.38879548,IASPEI,-1,2021-10-27 15:39:23
164906882,21278343,GERES,P,-1,18.406913,229.56171,37.996514,-0.45161446,d,-9.5119778,n,0.37684654,n,-999,0.41170636,IASPEI,-1,2021-10-28 11:32:27
164910500,21278959,GERES,P,-1,92.375281,94.375813,318.6336,0.29404923,d,-7.9464353,n,0.3035991,n,-999,0.72779454,IASPEI,-1,2021-10-28 14:15:43
164888314,21279344,GERES,P,-1,47.867015,55.7686,299.37557,0.20395828,d,-8.3904091,n,-1.7690459,n,-999,0.65883644,IASPEI,-1,2021-10-28 16:02:58
164924984,21281926,GERES,P,-1,44.95649,139.70461,334.28184,-0.75495912,d,18.001765,d,2.6388593,n,-999,0.64191597,IASPEI,-1,2021-10-29 09:33:48
164934603,21273890,GERES,PKPbc,-1,147.13301,22.413974,344.69408,0.86219915,d,2.4366633,n,0.60239014,n,-999,1.081546,IASPEI,-1,2021-10-27 08:38:00
164934479,21274307,GERES,P,-1,88.309949,46.383347,327.01853,-0.84479407,d,-13.081798,n,0.72383769,n,-999,0.83810445,IASPEI,-1,2021-10-27 11:02:20
164927211,21275112,GERES,P,-1,22.665195,98.252965,299.95708,-0.17038587,d,8.2900148,n,-0.262287,n,-999,0.56322708,IASPEI,-1,2021-10-27 14:57:42
164892198,21271185,GERES,P,-1,79.081551,9.3415526,350.08879,-0.21332272,d,13.440853,n,1.7780075,n,-999,0.79442588,IASPEI,-1,2021-10-26 14:50:42
164892200,21271226,GERES,P,-1,83.25017,61.16287,320.7426,-0.55430017,d,3.3737846,n,-2.0490916,n,-999,0.67899817,IASPEI,-1,2021-10-26 15:13:34
165039999,21299329,GERES,P,-1,42.33496,326.15362,74.791992,0.59225663,d,-5.3909948,n,-0.54586476,n,-999,0.6719127,IASPEI,-1,2021-11-02 08:11:15
165031383,21300473,GERES,Pn,-1,8.7321823,144.78098,329.52472,0.83212615,d,1.4802388,n,0.37099794,n,-999,0.61942407,IASPEI,-1,2021-11-02 13:17:45
165034467,21300912,GERES,PKP,-1,144.21451,42.081189,332.11614,-0.77657617,d,15.090269,n,1.9031194,n,-999,0.45096044,IASPEI,-1,2021-11-02 15:19:49
165036421,21300725,GERES,Pn,-1,8.7709618,144.73757,329.50409,0.34696244,d,10.388282,n,2.4647697,n,-999,0.58408819,IASPEI,-1,2021-11-02 14:27:50
165005628,21295276,GERES,PKiKP,-1,111.72897,75.896111,319.75673,-1.0082681,d,-1.8664202,n,0.27238174,n,-999,0.62397973,IASPEI,-1,2021-11-01 12:53:05
165036166,21300559,GERES,P,-1,48.054253,120.5101,323.97266,0.22345907,d,-9.8356834,n,-0.18430675,n,-999,0.68702409,IASPEI,-1,2021-11-02 13:45:03
165044835,21305096,GERES,PKPbc,-1,148.42392,41.634945,331.65972,0.1925873,d,3.3650547,n,-0.66103138,n,-999,0.75667249,IASPEI,-1,2021-11-03 11:04:43
165045859,21295476,GERES,PKP,-1,159.15568,24.842554,341.45637,1.0378862,d,-13.81331,n,3.2620894,n,-999,0.49330505,IASPEI,-1,2021-11-01 13:33:52
165045864,21295476,GERES,PKPab,-1,159.15568,24.842554,341.45637,0.35166592,d,0.56645191,n,-0.44716163,n,-999,0.6423876,IASPEI,-1,2021-11-01 13:33:52
165045868,21295624,GERES,P,-1,99.591363,258.30781,42.020256,0.44204057,d,-17.36241,n,-1.6917439,n,-999,0.57634613,IASPEI,-1,2021-11-01 14:05:04
165057595,21305720,GERES,P,-1,79.210047,31.649014,331.26414,0.30423024,d,-7.7666083,n,0.50641034,n,-999,0.88358792,IASPEI,-1,2021-11-03 13:51:30
165058411,21304519,GERES,PKPbc,-1,145.90615,114.81964,287.68615,0.15886541,d,-18.267681,d,1.3028086,d,-999,0.62130045,IASPEI,-1,2021-11-03 08:50:09
165031572,21300475,GERES,P,-1,48.089418,120.66207,324.05579,0.2652601,d,7.4455087,n,0.90804238,n,-999,0.66546272,IASPEI,-1,2021-11-02 13:21:30
165037020,21300988,GERES,Pn,-1,4.9142447,185.01516,4.5859472,1.8627188,d,-0.012796595,n,-0.032368075,n,-999,0.69633168,IASPEI,-1,2021-11-02 15:40:53
165037024,21300988,GERES,Sn,-1,4.9142447,185.01516,4.5859472,-1.4731058,d,3.8752634,n,-0.52864696,n,-999,0.36596423,IASPEI,-1,2021-11-02 15:40:53
165051444,21297096,GERES,Pn,-1,15.983011,143.76021,331.48902,5.1308983,n,-1.5827034,n,-0.42489369,n,-999,0.41674529,IASPEI,-1,2021-11-01 20:54:36
165000994,21294818,GERES,Pn,-1,16.485796,121.94257,314.35956,1.428816,d,3.2116129,n,-4.2345709,n,-999,0.37040998,IASPEI,-1,2021-11-01 10:56:09
165038525,21301058,GERES,PKPab,-1,150.29123,22.254687,344.51548,-0.018127784,d,-12.548436,n,0.2214458,n,-999,0.69998595,IASPEI,-1,2021-11-02 16:06:42
165006716,21295450,GERES,Pn,-1,16.738007,141.74144,330.15524,1.8634569,d,15.779132,n,-4.2252008,n,-999,0.35493075,IASPEI,-1,2021-11-01 13:22:06
165022583,21299815,GERES,P,-1,76.224607,355.68955,4.9584939,0.42201645,d,0.98280591,n,-0.55132682,n,-999,0.90372923,IASPEI,-1,2021-11-02 10:17:09
165029867,21299538,GERES,Pn,-1,15.562084,260.57699,64.876404,-0.45975015,d,6.4424693,n,0.1807855,n,-999,0.46301744,IASPEI,-1,2021-11-02 09:13:17
165054774,21300553,GERES,PKPbc,-1,145.25088,29.632435,340.04742,0.47617749,d,15.367565,n,-1.6728199,n,-999,0.61847434,IASPEI,-1,2021-11-02 13:38:41
165055617,21301061,GERES,PKPbc,-1,144.99999,115.55276,288.3077,1.0240498,d,34.54834,n,2.9502661,n,-999,0.63478587,IASPEI,-1,2021-11-02 16:12:42
165055738,21301107,GERES,P,-1,97.529813,67.011484,321.98898,-0.19917485,d,-19.285173,n,-2.4783856,n,-999,0.57947227,IASPEI,-1,2021-11-02 16:16:46
165057105,21305714,GERES,PKP,-1,149.38084,21.514313,345.11189,-0.1725362,d,26.211998,n,0.41193629,n,-999,0.66454352,IASPEI,-1,2021-11-03 13:47:20
165058789,21304624,GERES,Pg,-1,3.6542296,63.870641,247.76248,0.98706938,d,1.9738466,d,-0.4865524,n,-999,0.47456939,IASPEI,-1,2021-11-03 09:14:15
165058794,21304624,GERES,Lg,-1,3.6542296,63.870641,247.76248,0.27121051,d,-1.3583854,d,-1.7977591,n,-999,0.36892583,IASPEI,-1,2021-11-03 09:14:15
165006015,21295379,GERES,P,-1,20.099442,128.06058,320.91862,-1.0768756,d,-3.7849446,d,0.34675059,d,-999,0.4614033,IASPEI,-1,2021-11-01 13:15:54
165000292,21294592,GERES,PKiKP,-1,110.83346,74.704096,320.15729,-0.16498327,d,-26.977785,n,0.087321529,n,-999,0.59851613,IASPEI,-1,2021-11-01 09:56:20
165008927,21296143,GERES,PKPbc,-1,152.92652,18.218401,347.08138,-0.17839873,d,-37.397411,n,0.95744964,n,-999,0.65994244,IASPEI,-1,2021-11-01 16:19:05
165008928,21296143,GERES,PKPab,-1,152.92652,18.218401,347.08138,0.13352761,d,55.524694,n,2.4541243,n,-999,0.60448054,IASPEI,-1,2021-11-01 16:19:05
165022006,21300055,GERES,P,-1,79.795854,4.6994547,355.02883,0.25615045,d,34.034165,n,0.79643469,n,-999,0.79241407,IASPEI,-1,2021-11-02 11:27:11
165025688,21299896,GERES,PKPbc,-1,146.88414,11.451037,352.15975,0.57265014,d,17.359757,n,3.1655631,n,-999,0.61220261,IASPEI,-1,2021-11-02 10:48:39
165027368,21296377,GERES,P,-1,48.017212,120.74578,324.08769,-0.90516878,d,0.51805016,n,0.19655726,n,-999,0.61258773,IASPEI,-1,2021-11-01 17:29:43
165043052,21304447,GERES,PKPbc,-1,152.03601,20.467944,345.58432,0.61396921,d,24.532056,n,-0.23599423,n,-999,0.79869594,IASPEI,-1,2021-11-03 08:28:46
165054959,21301056,GERES,PKP,-1,124.41696,243.6871,52.534482,-1.4341696,d,-87.832639,n,1.2143941,n,-999,0.69547965,IASPEI,-1,2021-11-02 16:03:19
165004378,21295206,GERES,P,-1,82.922226,41.346641,327.45816,-0.95839121,d,5.0505398,n,-1.2951262,n,-999,0.77685123,IASPEI,-1,2021-11-01 12:20:03
165031194,21292700,GERES,P,-1,8.4578391,143.56058,328.33095,-0.68840738,d,2.310873,d,0.84023145,d,-999,0.38683869,IASPEI,-1,2021-11-01 00:05:21
165058333,21304448,GERES,PKPbc,-1,145.6648,115.27441,287.69112,-0.14682989,d,7.1967755,n,-1.8751943,n,-999,0.71414041,IASPEI,-1,2021-11-03 08:33:45
165058335,21304446,GERES,PKPbc,-1,145.74255,115.11099,287.69949,0.10406376,d,-7.7569554,n,0.14781438,n,-999,0.72254522,IASPEI,-1,2021-11-03 08:27:21
165050335,21296964,GERES,PKP,-1,144.28239,42.175359,332.04547,-0.57640986,d,-8.1992977,n,1.8337386,n,-999,0.65882477,IASPEI,-1,2021-11-01 20:11:17
165095319,21300554,GERES,PKPbc,-1,146.39431,44.636109,330.09567,0.56347753,d,-7.9626634,n,-0.14977402,n,-999,0.73236157,IASPEI,-1,2021-11-02 13:40:01
165080353,21306350,GERES,Pn,-1,16.000101,143.83229,331.55178,1.8231353,d,2.4289269,n,1.1785989,n,-999,0.40729302,IASPEI,-1,2021-11-03 16:34:30
165082216,21301317,GERES,PKP,-1,144.87775,115.88228,288.25608,1.2099385,d,-19.542011,n,0.48897621,n,-999,0.51779065,IASPEI,-1,2021-11-02 17:18:51
165095748,21309986,GERES,PKKPbc,-1,111.17789,201.11595,26.496023,-0.2399957,n,175.59418,n,9.0250724,n,-999,0.32498486,IASPEI,-1,2021-11-04 10:07:29
165095749,21309986,GERES,PKKPab,-1,111.17789,201.11595,26.496023,0.10825552,n,-176.33106,n,7.8771935,n,-999,0.32562545,IASPEI,-1,2021-11-04 10:07:29
165098186,21310279,GERES,PKPbc,-1,152.84702,18.682004,346.76141,-0.67309712,d,9.8967896,n,0.95772446,n,-999,0.76109728,IASPEI,-1,2021-11-04 11:28:47
165119169,21306492,GERES,P,-1,67.210647,272.20707,44.053964,-0.21389027,d,4.2820306,n,-0.92203479,n,-999,0.85647129,IASPEI,-1,2021-11-03 17:06:30
165090745,21301566,GERES,Pn,-1,16.208211,145.21633,332.71265,1.9348405,d,-5.5525016,n,-0.72412558,n,-999,0.38686239,IASPEI,-1,2021-11-02 18:52:21
165095872,21310004,GERES,PKPbc,-1,153.61128,19.119693,346.37664,-0.16407273,d,-16.081205,n,1.4080316,n,-999,0.68956552,IASPEI,-1,2021-11-04 10:16:13
165095875,21310067,GERES,P,-1,77.600214,28.941303,332.30776,-0.42551121,d,2.0146243,n,0.69769715,n,-999,0.87727126,IASPEI,-1,2021-11-04 10:21:35
165097820,21310208,GERES,P,-1,57.557139,39.659861,310.5513,-0.8586581,d,-14.455254,d,-1.7815828,d,-999,0.65040828,IASPEI,-1,2021-11-04 11:05:46
165099589,21315257,GERES,Pn,-1,15.182551,197.0453,13.506736,0.25679123,d,5.4582265,n,-3.2385928,n,-999,0.46212168,IASPEI,-1,2021-11-05 15:03:34
165111638,21311176,GERES,PKPbc,-1,148.27015,15.229155,349.50759,-0.38680351,d,4.6751475,n,0.60809911,n,-999,0.90560192,IASPEI,-1,2021-11-04 15:30:28
165098397,21310336,GERES,P,-1,78.858447,313.96767,36.269899,0.11223326,d,-4.5983495,n,1.239586,n,-999,0.72761511,IASPEI,-1,2021-11-04 11:40:33
165099025,21310908,GERES,PKPbc,-1,153.06542,18.606335,346.7941,0.35087647,d,-18.606335,n,-0.40251336,n,-999,0.70703101,IASPEI,-1,2021-11-04 14:26:21
165088115,21311130,GERES,P,-1,76.380191,355.59797,5.0434681,0.21790412,d,4.0104709,n,-0.11971055,n,-999,0.92461631,IASPEI,-1,2021-11-04 15:16:23
165092636,21310907,GERES,P,-1,82.877076,40.510581,327.84686,-0.36292584,d,-9.4179171,n,0.84137375,n,-999,0.90853506,IASPEI,-1,2021-11-04 14:26:08
165096648,21310140,GERES,P,-1,74.71916,20.830691,337.29611,0.77071012,d,5.4198106,n,0.46902775,n,-999,0.81601807,IASPEI,-1,2021-11-04 10:38:38
165097472,21310148,GERES,P,-1,73.640333,18.195998,339.21853,1.6487373,d,11.439022,n,-0.73561637,n,-999,0.72058792,IASPEI,-1,2021-11-04 10:49:16
165115232,21305234,GERES,P,-1,85.175391,95.214211,318.86234,0.31005488,d,-16.520934,n,0.65739201,n,-999,0.68352397,IASPEI,-1,2021-11-03 11:38:12
165115676,21305241,GERES,PKPbc,-1,147.91173,21.720691,345.09912,0.20044835,d,7.2890365,n,0.42117599,n,-999,1.1013644,IASPEI,-1,2021-11-03 11:51:41
165084472,21310555,GERES,PKPbc,-1,147.46984,42.170829,331.49074,-0.064715486,d,-1.9344712,n,-0.55422451,n,-999,0.86864403,IASPEI,-1,2021-11-04 12:50:02
165090918,21301654,GERES,Pn,-1,16.075636,144.10388,331.79163,2.5194315,n,0.98631057,n,-1.0652932,n,-999,0.38405443,IASPEI,-1,2021-11-02 19:09:35
165101362,21311081,GERES,P,-1,92.300739,94.061733,318.63161,0.29826819,d,-15.371665,n,-3.9257542,n,-999,0.62160071,IASPEI,-1,2021-11-04 14:57:14
165101363,21311104,GERES,P,-1,40.212163,6.6050638,257.79614,1.4111733,d,-11.747829,n,1.5614728,n,-999,0.61532762,IASPEI,-1,2021-11-04 15:09:46
165071457,21305850,GERES,PKPbc,-1,149.68616,22.642459,344.30801,-0.44010691,d,-14.111693,n,-0.5162842,n,-999,0.7843345,IASPEI,-1,2021-11-03 14:17:51
165074114,21299537,GERES,PKPbc,-1,148.61427,42.810823,330.84318,-0.7790907,d,-14.239755,n,2.5475789,n,-999,0.71639669,IASPEI,-1,2021-11-02 09:13:13
165081652,21310074,GERES,PKPab,-1,163.27949,60.947577,312.17781,0.12104288,d,0.41287006,n,0.89284893,n,-999,0.72351547,IASPEI,-1,2021-11-04 10:29:49
165091879,21306630,GERES,Pn,-1,16.013929,143.78997,331.52293,2.7048559,n,-1.2547239,n,-0.82514877,n,-999,0.40469025,IASPEI,-1,2021-11-03 17:48:48
165091883,21301374,GERES,P,-1,83.331364,45.692125,325.66479,-0.15839634,d,0.74687488,n,-0.57395463,n,-999,0.82637343,IASPEI,-1,2021-11-02 17:42:41
165118800,21306490,GERES,P,-1,85.174726,95.207454,318.86178,0.091978999,d,-3.605244,n,-0.50246254,n,-999,0.75992044,IASPEI,-1,2021-11-03 16:57:28
165109272,21301318,GERES,P,-1,44.979716,76.130223,303.13542,0.32721783,d,3.3260707,n,-0.070765243,n,-999,0.73745409,IASPEI,-1,2021-11-02 17:23:05
165073267,21305967,GERES,PKPab,-1,158.59163,26.714896,340.16724,-0.37843866,d,-4.6854232,n,0.438827,n,-999,0.59992021,IASPEI,-1,2021-11-03 14:52:59
165092875,21310907,GERES,PP,-1,82.877076,40.510581,327.84686,0.36488103,n,-1.1588281,n,0.43276103,n,-999,0.50288104,IASPEI,-1,2021-11-04 14:26:07
165094637,21300565,GERES,PKPbc,-1,146.27626,42.602288,331.43135,0.48145659,d,-0.091841485,d,-0.81647191,d,-999,0.74947443,IASPEI,-1,2021-11-02 13:53:09
165065267,21304697,GERES,P,-1,85.726095,63.585508,320.85158,0.44885275,d,-4.9750504,n,0.20624833,n,-999,0.86276252,IASPEI,-1,2021-11-03 09:30:23
165113499,21311009,GERES,P,-1,85.227398,95.110577,318.85407,-0.18502914,d,-2.4799405,n,-0.4242808,n,-999,0.81057476,IASPEI,-1,2021-11-04 14:50:19
165075304,21306210,GERES,P,-1,74.010368,78.70138,316.64229,-0.94354983,d,-9.6993488,n,-0.18259416,n,-999,0.73792859,IASPEI,-1,2021-11-03 15:45:44
165076196,21309554,GERES,P,-1,54.698669,213.66109,21.481316,0.28807127,d,-19.624846,n,-2.3112854,n,-999,0.80757415,IASPEI,-1,2021-11-04 08:29:34
165079922,21306361,GERES,Pn,-1,16.148733,144.08039,331.79721,1.4463811,d,-3.607616,n,-0.52843405,n,-999,0.38072831,IASPEI,-1,2021-11-03 16:36:17
165073377,21306034,GERES,Pn,-1,3.1440141,25.72761,207.4075,1.3476151,d,2.9634711,d,0.1328692,n,-999,0.67034722,IASPEI,-1,2021-11-03 14:57:07
165073380,21306034,GERES,Sn,-1,3.1440141,25.72761,207.4075,-0.26580562,d,0.83744105,d,-0.37567754,n,-999,0.35934163,IASPEI,-1,2021-11-03 14:57:07
165073381,21306034,GERES,Lg,-1,3.1440141,25.72761,207.4075,0.53228903,d,-3.8096569,d,-6.7576054,n,-999,0.36485882,IASPEI,-1,2021-11-03 14:57:08
165089325,21301488,GERES,PKP,-1,144.33067,41.737297,332.31637,-0.44073528,d,-7.6228242,n,1.962274,n,-999,0.66454352,IASPEI,-1,2021-11-02 18:21:52
165091265,21301718,GERES,P,-1,75.712397,33.168076,328.55524,0.35261036,d,39.515578,n,0.82221234,n,-999,0.82504472,IASPEI,-1,2021-11-02 19:17:10
165106691,21305476,GERES,P,-1,12.428228,145.92323,331.99285,-1.4258827,d,2.7547618,n,0.36644122,n,-999,0.39128909,IASPEI,-1,2021-11-03 12:55:21
165117000,21305723,GERES,P,-1,77.78391,30.097845,331.60466,0.27840527,d,23.59435,n,-0.059968022,n,-999,0.79646676,IASPEI,-1,2021-11-03 13:53:20
165083913,21310542,GERES,P,-1,73.816706,16.339954,341.14789,-0.22404561,d,-4.4175294,n,0.2233889,n,-999,0.77165915,IASPEI,-1,2021-11-04 12:37:53
165117109,21305702,GERES,P,-1,85.147885,95.399199,318.87756,0.42576864,d,-77.210153,n,2.2283832,n,-999,0.68586162,IASPEI,-1,2021-11-03 13:38:23
165109427,21311458,GERES,PKPbc,-1,152.93995,28.328853,339.95912,-0.45068613,d,-3.9372878,n,0.57901265,n,-999,0.74656547,IASPEI,-1,2021-11-04 16:43:26
165109428,21311458,GERES,PKPab,-1,152.93995,28.328853,339.95912,0.10169726,d,6.6631672,n,-1.0119605,n,-999,0.76833874,IASPEI,-1,2021-11-04 16:43:26
165095029,21310482,GERES,PKPbc,-1,147.58045,22.238217,344.77566,0.59686148,d,2.3291085,n,0.7701906,n,-999,1.1013644,IASPEI,-1,2021-11-04 12:35:56
165081122,21309990,GERES,PKP,-1,157.60832,26.273664,340.6711,-0.42451053,d,-7.8387,n,0.27755307,n,-999,0.51030796,IASPEI,-1,2021-11-04 10:15:54
165081125,21309990,GERES,PKPab,-1,157.60832,26.273664,340.6711,0.11130801,d,12.037116,n,-0.0081910755,n,-999,0.6441143,IASPEI,-1,2021-11-04 10:15:54
165121145,21311360,GERES,P,-1,46.114038,127.52978,327.42764,-0.27007521,d,38.573036,n,5.4518325,n,-999,0.65531409,IASPEI,-1,2021-11-04 16:27:18
165138721,21314279,GERES,Pdiff,-1,112.62248,73.779535,320.29749,0.24554296,n,-27.382354,n,-0.56933233,n,-999,1.7630004,IASPEI,-1,2021-11-05 09:45:42
165122973,21311657,GERES,PKPbc,-1,148.51206,41.786841,331.54181,0.088570185,d,-0.97554278,n,-0.4871808,n,-999,0.76617567,IASPEI,-1,2021-11-04 17:40:48
165145580,21310265,GERES,Pn,-1,6.7720695,130.49163,315.6817,0.33141488,d,5.0840131,n,-0.77514106,n,-999,0.64497199,IASPEI,-1,2021-11-04 11:18:00
165123116,21311656,GERES,PKPbc,-1,148.53729,41.783218,331.53923,0.3674888,d,-21.878915,d,0.61120356,d,-999,0.64033501,IASPEI,-1,2021-11-04 17:37:01
165134590,21314146,GERES,P,-1,66.084276,76.488836,314.15809,0.14449107,d,-8.8248121,n,-1.6528487,n,-999,0.88378595,IASPEI,-1,2021-11-05 09:03:40
165136900,21305641,GERES,P,-1,85.122446,95.311339,318.87021,-0.0018802245,d,-12.466339,n,0.60662327,n,-999,0.7556615,IASPEI,-1,2021-11-03 13:34:04
165145797,21310269,GERES,Pn,-1,16.094616,143.94042,331.66876,2.0891253,d,-5.5294804,n,1.3915511,n,-999,0.38221942,IASPEI,-1,2021-11-04 11:24:15
165123238,21311609,GERES,P,-1,54.651526,44.212321,306.30156,-0.0023842752,d,-4.8605678,n,1.3618887,n,-999,0.68111861,IASPEI,-1,2021-11-04 17:29:33
165139161,21314279,GERES,PKiKP,-1,112.62248,73.779535,320.29749,0.13197036,d,-8.2559494,n,-0.19942854,n,-999,0.60490265,IASPEI,-1,2021-11-05 09:45:42
165139163,21314279,GERES,PP,-1,112.62248,73.779535,320.29749,-3.3811675,n,5.1219376,n,-1.3748498,n,-999,0.53940025,IASPEI,-1,2021-11-05 09:45:42
165142077,21314281,GERES,P,-1,85.154252,95.302515,318.86954,0.54150405,d,27.078165,n,1.4777981,n,-999,0.72061146,IASPEI,-1,2021-11-05 09:46:36
165138223,21309330,GERES,PKPbc,-1,147.32634,13.18394,350.95713,0.75687891,d,-2.6316422,n,0.1805842,n,-999,0.73550667,IASPEI,-1,2021-11-04 07:30:31
165139183,21309715,GERES,PKP,-1,155.12841,137.12576,254.63959,1.0180553,d,11.44467,n,0.70130861,n,-999,0.49942925,IASPEI,-1,2021-11-04 09:09:22
165124330,21314280,GERES,P,-1,53.484919,79.037136,309.18273,0.57481273,d,-8.9452729,n,-1.4032448,n,-999,0.65507897,IASPEI,-1,2021-11-05 09:46:35
165129503,21314542,GERES,Pn,-1,16.613636,141.9754,330.29607,-0.7439106,d,-13.711406,n,-0.63826001,n,-999,0.36637184,IASPEI,-1,2021-11-05 11:13:08
165130725,21313963,GERES,P,-1,85.125346,95.290175,318.86847,-0.17935263,d,1.2617849,n,0.90065584,n,-999,0.79744856,IASPEI,-1,2021-11-05 07:43:26
165135159,21314154,GERES,P,-1,85.11705,95.288208,318.86829,-0.14107066,d,-4.1175577,n,0.79790795,n,-999,0.77670385,IASPEI,-1,2021-11-05 09:07:10
165139185,21309715,GERES,PKPab,-1,155.12841,137.12576,254.63959,-0.52127651,d,-4.8520696,n,-2.8212592,n,-999,0.61671704,IASPEI,-1,2021-11-04 09:09:22
165142346,21314341,GERES,P,-1,85.112003,95.395364,318.87719,0.55947183,d,0.31522927,n,-3.662552,n,-999,0.68345171,IASPEI,-1,2021-11-05 10:01:29
165143403,21309800,GERES,P,-1,75.967628,127.46297,327.5849,-0.67033512,d,6.5978441,n,0.046508545,n,-999,0.90372923,IASPEI,-1,2021-11-04 09:32:22
165121904,21311545,GERES,P,-1,73.372108,19.072285,338.23664,0.22255375,d,6.9922873,n,-0.28656462,n,-999,0.80454741,IASPEI,-1,2021-11-04 16:59:43
165136355,21314207,GERES,P,-1,85.147612,95.306171,318.86983,0.24354827,d,-1.4202307,n,0.84517337,n,-999,0.81122745,IASPEI,-1,2021-11-05 09:25:10
164973931,21278199,GERES,P,-1,48.018424,69.823208,303.1937,0.23124461,d,2.0200481,n,0.28205381,n,-999,0.75776134,IASPEI,-1,2021-10-28 10:43:14
164982498,21294421,GERES,P,-1,68.534616,21.972621,332.48374,0.43233784,d,7.6623986,n,-1.1104166,n,-999,0.90372923,IASPEI,-1,2021-11-01 09:10:33
164956108,21281918,GERES,P,-1,80.734419,95.185652,318.76395,-0.83088493,d,-12.340652,n,-1.0728477,n,-999,0.71278175,IASPEI,-1,2021-10-29 09:26:27
164961811,21283112,GERES,P,-1,99.076438,67.64936,321.96291,0.46162899,d,-7.9057968,n,-0.73010138,n,-999,0.53502602,IASPEI,-1,2021-10-29 14:53:04
164975272,21278342,GERES,PKPab,-1,158.00188,26.661559,340.31553,0.021222873,d,-0.31712911,n,1.2614206,n,-999,0.65744685,IASPEI,-1,2021-10-28 11:31:55
164980444,21281988,GERES,P,-1,44.95124,139.83353,334.35808,0.84074224,d,-3.8819769,n,0.89140755,n,-999,0.70818433,IASPEI,-1,2021-10-29 09:50:06
164938256,21275477,GERES,PKP,-1,124.26579,52.730984,328.13295,-0.033695556,d,-71.165934,n,-1.4821078,n,-999,0.6580937,IASPEI,-1,2021-10-27 16:52:08
164972667,21278444,GERES,P,-1,31.651808,241.40546,41.177082,0.29822106,d,-8.3782257,d,2.1452486,n,-999,0.61012247,IASPEI,-1,2021-10-28 11:50:48
164972669,21277881,GERES,P,-1,82.88704,38.998837,328.61241,-0.46640093,d,-1.7861968,n,0.24028436,n,-999,0.80666147,IASPEI,-1,2021-10-28 09:07:00
164975976,21278786,GERES,Pn,-1,15.401482,149.53469,335.88778,7.9023659,n,-8.7842302,n,-1.7820641,n,-999,0.44689697,IASPEI,-1,2021-10-28 13:17:43
164954501,21274595,GERES,PKPbc,-1,147.40568,22.335636,344.72436,0.44308266,d,7.2993838,n,2.4339,n,-999,0.7833177,IASPEI,-1,2021-10-27 12:28:01
164956112,21281921,GERES,P,-1,76.404548,24.191493,335.28143,-0.12276457,d,7.6746404,n,-0.34564185,n,-999,0.77867993,IASPEI,-1,2021-10-29 09:30:31
164956308,21281924,GERES,P,-1,86.848844,324.91413,27.810074,1.1103671,d,-14.073772,n,2.7820274,n,-999,0.66489531,IASPEI,-1,2021-10-29 09:31:56
164980739,21281997,GERES,P,-1,74.605199,21.223451,336.88772,0.74226688,d,-6.7571485,n,-1.1752595,n,-999,0.73688564,IASPEI,-1,2021-10-29 09:52:00
164981368,21277619,GERES,Pn,-1,5.9950478,89.055345,275.84166,-0.73757054,d,3.2711635,d,-0.09629213,n,-999,0.67833504,IASPEI,-1,2021-10-28 07:32:35
164981370,21277619,GERES,Sn,-1,5.9950478,89.055345,275.84166,-0.084130577,d,-3.6111195,d,0.021840905,n,-999,0.3631051,IASPEI,-1,2021-10-28 07:32:36
164937395,21275270,GERES,PKPbc,-1,148.08064,21.244561,345.40902,0.29929269,d,12.333955,n,0.58733456,n,-999,1.0827733,IASPEI,-1,2021-10-27 15:55:45
164978515,21278928,GERES,P,-1,57.668836,39.95302,310.59468,0.21214411,d,13.853773,n,-0.2680315,n,-999,0.71016604,IASPEI,-1,2021-10-28 13:56:42
164969494,21282585,GERES,P,-1,74.656843,20.99168,337.12054,0.60206385,d,11.665004,n,0.21809378,n,-999,0.87792096,IASPEI,-1,2021-10-29 12:14:30
164981512,21294866,GERES,PKPbc,-1,147.38801,22.451396,344.64748,0.061553284,d,-1.0918321,n,0.37336493,n,-999,1.0939209,IASPEI,-1,2021-11-01 10:57:50
164935681,21275178,GERES,P,-1,102.53793,74.535324,320.45314,-0.088004992,d,6.0023545,n,-1.1923867,n,-999,0.41949408,IASPEI,-1,2021-10-27 15:16:48
164948924,21281911,GERES,PKPbc,-1,152.92507,28.635097,339.74652,-0.58375034,d,4.3887709,n,0.97276699,n,-999,0.88220213,IASPEI,-1,2021-10-29 09:22:45
164993571,21294577,GERES,P,-1,19.970414,127.56408,320.48649,0.26757861,d,-3.5931424,n,-0.32660676,n,-999,0.45687528,IASPEI,-1,2021-11-01 09:38:14
164936670,21274711,GERES,PKPab,-1,158.44621,27.016559,339.97111,0.67379743,d,-12.550256,n,0.27200803,n,-999,0.60065818,IASPEI,-1,2021-10-27 13:08:21
164954749,21283039,GERES,PKP,-1,116.23189,62.289505,324.14304,0.55476424,d,-71.751825,n,-0.29135434,n,-999,0.63952878,IASPEI,-1,2021-10-29 14:26:03
164971463,21282723,GERES,PKPab,-1,159.11265,32.426418,335.81176,-0.368548,d,-51.204448,n,2.6937631,n,-999,0.6589748,IASPEI,-1,2021-10-29 12:49:14
164937686,21275416,GERES,PKPbc,-1,148.62016,12.753572,351.19038,0.59967095,d,15.825222,n,0.53113187,n,-999,0.62515287,IASPEI,-1,2021-10-27 16:26:59
164961351,21279947,GERES,P,-1,91.374603,45.839488,328.1066,-0.87733949,d,-13.420804,n,0.63434433,n,-999,0.82919763,IASPEI,-1,2021-10-28 20:31:33
164984292,21278081,GERES,P,-1,19.986235,127.85994,320.71762,0.74954894,d,-1.3599747,n,0.78005855,n,-999,0.51621072,IASPEI,-1,2021-10-28 10:10:03
164985794,21295702,GERES,PKPab,-1,161.45215,36.966164,331.74649,0.15605383,d,-22.499861,n,0.23356828,n,-999,0.64893809,IASPEI,-1,2021-11-01 14:18:13
164947293,21276169,GERES,P,-1,82.474322,94.486552,318.7529,0.25017562,d,2.0654082,n,0.68935499,n,-999,0.71076224,IASPEI,-1,2021-10-27 20:55:16
164947295,21274638,GERES,P,-1,40.075352,87.48318,304.94241,0.59685192,d,1.3646291,n,-1.7562164,n,-999,0.69227073,IASPEI,-1,2021-10-27 12:41:09
164956975,21282164,GERES,P,-1,48.681939,84.459365,308.43185,-0.16837441,d,1.2588054,n,0.16430335,n,-999,0.64809951,IASPEI,-1,2021-10-29 10:25:55
164791453,21255576,GERES,Pn,-1,3.1331355,25.640864,207.30931,0.99654185,d,1.2502328,d,1.110252,n,-999,0.6688582,IASPEI,-1,2021-10-22 08:39:44
164791454,21255576,GERES,Pg,-1,3.1331355,25.640864,207.30931,-1.4756464,d,-0.31111016,d,-1.9459662,n,-999,0.50486763,IASPEI,-1,2021-10-22 08:39:45
164760759,21251014,GERES,P,-1,44.778817,93.856154,310.36931,0.56839268,d,-12.012877,n,-0.47115676,n,-999,0.6439414,IASPEI,-1,2021-10-21 08:48:48
164780117,21251605,GERES,PKP,-1,121.40939,58.178366,325.68081,-0.52223409,d,-30.764391,n,0.61659447,n,-999,0.71437989,IASPEI,-1,2021-10-21 10:59:02
164789947,21255525,GERES,PKPbc,-1,150.03254,12.260056,351.46065,1.1616446,d,63.819983,n,3.6239111,n,-999,0.68726954,IASPEI,-1,2021-10-22 08:23:20
164791458,21255576,GERES,Lg,-1,3.1331355,25.640864,207.30931,0.2555596,d,1.1148548,d,-5.3994505,n,-999,0.37074004,IASPEI,-1,2021-10-22 08:39:45
164793641,21255691,GERES,P,-1,26.64803,80.930898,290.48031,-0.65233314,d,-2.2941751,n,-1.4201629,n,-999,0.62259835,IASPEI,-1,2021-10-22 09:29:14
164794226,21255750,GERES,P,-1,88.321822,282.30805,40.854302,0.45109156,d,-5.7261069,n,-1.2305878,n,-999,0.75365779,IASPEI,-1,2021-10-22 09:42:15
164750498,21247916,GERES,P,-1,77.109311,24.357894,335.48963,0.15461473,d,5.2771263,n,-0.46261517,n,-999,0.97561286,IASPEI,-1,2021-10-20 15:33:26
164787896,21252571,GERES,P,-1,75.431211,23.394712,335.44448,1.4653511,d,-4.3622816,n,0.046188873,n,-999,0.84085134,IASPEI,-1,2021-10-21 14:54:10
164793513,21255637,GERES,P3KPbc,-1,17.829466,137.32025,327.0984,6.0114374,n,-161.54799,n,7.7919709,n,-999,0.2598388,IASPEI,-1,2021-10-22 09:06:43
164771200,21252734,GERES,P,-1,73.294372,20.740923,336.63266,0.21179935,d,8.8940973,n,-0.70703427,n,-999,1.1829675,IASPEI,-1,2021-10-21 15:30:08
164771204,21252734,GERES,pP,-1,73.294372,20.740923,336.63266,1.3170975,d,11.865072,n,-0.13819118,n,-999,0.6006505,IASPEI,-1,2021-10-21 15:30:08
164754224,21251117,GERES,P,-1,79.715961,37.080588,328.28748,0.4966324,d,-5.0652826,n,0.56997482,n,-999,0.97775876,IASPEI,-1,2021-10-21 08:57:49
164755173,21251230,GERES,P,-1,77.110224,24.347246,335.49854,0.35831887,d,2.811862,n,0.3803347,n,-999,0.95841467,IASPEI,-1,2021-10-21 09:31:17
164788669,21255344,GERES,PKPbc,-1,149.54925,22.527589,344.40025,0.85409893,d,-24.164166,d,0.90543022,d,-999,0.77508933,IASPEI,-1,2021-10-22 07:40:14
164751545,21248017,GERES,PKPbc,-1,148.28931,21.505573,345.21371,0.41420441,d,0.86663857,n,0.89787946,n,-999,1.1013644,IASPEI,-1,2021-10-20 15:57:52
164784501,21252293,GERES,P,-1,32.706555,107.5995,312.33768,0.38106366,d,-0.21854802,n,-0.16934045,n,-999,0.61423922,IASPEI,-1,2021-10-21 13:46:12
164750678,21247961,GERES,Pn,-1,3.1296352,28.107284,209.91823,0.30429841,d,-0.80723472,n,0.01223161,n,-999,0.67407962,IASPEI,-1,2021-10-20 15:40:13
164750679,21247961,GERES,Sn,-1,3.1296352,28.107284,209.91823,-0.19438071,d,3.0246923,n,3.9273996,n,-999,0.35320474,IASPEI,-1,2021-10-20 15:40:13
164750681,21247961,GERES,Lg,-1,3.1296352,28.107284,209.91823,-1.5525027,d,13.280831,n,-3.3135175,n,-999,0.37301887,IASPEI,-1,2021-10-20 15:40:13
164755953,21251536,GERES,P,-1,77.083216,24.344085,335.48818,0.35189288,d,3.5738035,n,-0.24696746,n,-999,0.96109582,IASPEI,-1,2021-10-21 10:49:05
164758095,21251947,GERES,P,-1,75.989752,355.03507,5.7369772,-0.3777787,d,-2.6689355,n,0.19968931,n,-999,0.78454821,IASPEI,-1,2021-10-21 12:27:25
164761020,21251383,GERES,P,-1,88.335492,46.458353,326.99414,-1.198249,d,-12.594133,n,0.95802932,n,-999,0.90372923,IASPEI,-1,2021-10-21 10:04:35
164761022,21251383,GERES,PP,-1,88.335492,46.458353,326.99414,0.19428686,n,-4.6763526,n,-0.88918113,n,-999,0.57625413,IASPEI,-1,2021-10-21 10:04:35
164788175,21246432,GERES,PKPbc,-1,146.14189,15.213928,349.63291,-0.047202851,d,3.52448,n,0.54818659,n,-999,0.76900638,IASPEI,-1,2021-10-20 07:50:57
164749949,21247909,GERES,P,-1,99.03338,67.659878,321.95671,-0.77094844,d,-9.0494196,n,0.71647554,n,-999,0.53215428,IASPEI,-1,2021-10-20 15:20:40
164756269,21251614,GERES,P,-1,56.205245,41.974166,308.44353,-0.49827969,d,-10.000329,n,-1.0453395,n,-999,0.72568298,IASPEI,-1,2021-10-21 11:08:51
164754459,21251125,GERES,PKP,-1,139.88267,40.64405,333.60654,-0.44716718,d,4.3559883,n,-0.083162602,n,-999,0.28518485,IASPEI,-1,2021-10-21 09:07:09
164761159,21251383,GERES,PKKPbc,-1,88.335492,46.458353,326.99414,-0.83134504,n,-175.09703,n,4.6484853,n,-999,0.32784709,IASPEI,-1,2021-10-21 10:04:34
164764717,21251011,GERES,P,-1,81.824628,38.792108,328.29184,-0.02433977,d,-9.1570883,n,-0.10109298,n,-999,0.77843471,IASPEI,-1,2021-10-21 08:45:52
164792725,21255637,GERES,P,-1,17.829466,137.32025,327.0984,-0.35980385,d,1.467136,n,0.84544279,n,-999,0.40079066,IASPEI,-1,2021-10-22 09:06:40
164799134,21248224,GERES,PKPbc,-1,151.34773,18.790714,346.82185,-0.15356748,d,-90.355764,n,-1.1650795,n,-999,0.69776591,IASPEI,-1,2021-10-20 17:00:29
164753617,21250934,GERES,P,-1,77.088039,24.336987,335.49613,0.42131639,d,2.7065856,n,0.27110659,n,-999,0.95675248,IASPEI,-1,2021-10-21 08:28:36
164759337,21244512,GERES,P,-1,31.009116,356.65536,167.8138,0.78185755,d,14.858473,n,-1.455713,n,-999,0.71167619,IASPEI,-1,2021-10-19 20:18:12
164759342,21244512,GERES,PcP,-1,31.009116,356.65536,167.8138,-1.0594296,d,-13.354598,n,-1.2632707,n,-999,0.58314072,IASPEI,-1,2021-10-19 20:18:12
164774091,21244514,GERES,P,-1,58.581939,81.322949,312.0348,0.21989194,d,-6.5007604,n,-0.7269444,n,-999,0.84294953,IASPEI,-1,2021-10-19 20:22:13
164776212,21251389,GERES,Pn,-1,5.8255739,183.2855,2.9595179,-0.33075016,d,-3.0381451,n,-1.5204537,n,-999,0.67768934,IASPEI,-1,2021-10-21 10:12:55
164776216,21251389,GERES,Sn,-1,5.8255739,183.2855,2.9595179,-1.5178091,d,-3.9048851,n,0.00068465845,n,-999,0.35819767,IASPEI,-1,2021-10-21 10:12:55
164801275,21248395,GERES,P,-1,79.462888,36.392268,328.54953,-0.043033031,d,-7.3754415,n,-1.404378,n,-999,0.77720127,IASPEI,-1,2021-10-20 18:09:16
164763951,21250947,GERES,PKP,-1,144.41699,41.586665,332.39865,-0.34087495,d,-30.557421,n,2.7266387,n,-999,0.42971521,IASPEI,-1,2021-10-21 08:36:03
164768629,21252562,GERES,PKPab,-1,154.32972,29.939686,338.59696,-0.035435917,d,-0.30466584,n,0.85155137,n,-999,0.80707808,IASPEI,-1,2021-10-21 14:41:35
164764967,21251017,GERES,P,-1,17.671032,134.79919,325.07849,-1.1975966,d,-4.8543517,n,-0.88532918,n,-999,0.35748361,IASPEI,-1,2021-10-21 08:52:57
164781797,21246680,GERES,Pn,-1,16.746121,139.80768,328.64024,-1.7702291,d,-5.3749535,n,-3.1275694,n,-999,0.35976298,IASPEI,-1,2021-10-20 09:01:29
164754727,21251216,GERES,PKP,-1,124.65145,230.45483,53.391567,-0.94946958,d,12.980116,n,0.78219591,n,-999,0.61886131,IASPEI,-1,2021-10-21 09:23:11
164792178,21255577,GERES,P,-1,64.672811,16.71463,335.02588,0.38299502,d,9.6298003,n,-0.94599255,n,-999,0.77494596,IASPEI,-1,2021-10-22 08:44:18
164792966,21255637,GERES,ScP,-1,17.829466,137.32025,327.0984,-0.72789972,d,25.325726,n,0.12325368,n,-999,0.45071687,IASPEI,-1,2021-10-22 09:06:39
164811472,21255362,GERES,PKPab,-1,161.13965,94.214182,286.62767,0.12513647,d,-2.6119721,n,0.12517675,n,-999,0.61783167,IASPEI,-1,2021-10-22 07:55:40
164755722,21251377,GERES,PKPbc,-1,146.76841,119.79627,283.42559,0.19175334,d,13.806549,d,0.92763832,d,-999,0.60818296,IASPEI,-1,2021-10-21 09:59:35
164809488,21255692,GERES,Pn,-1,15.551733,141.50505,329.54728,0.93120905,d,5.6051002,d,0.28551549,n,-999,0.41613188,IASPEI,-1,2021-10-22 09:31:42
164798865,21247959,GERES,PKPbc,-1,145.17914,19.833657,346.57253,0.52294556,d,9.1831686,n,0.9944577,n,-999,0.79304717,IASPEI,-1,2021-10-20 15:38:51
164763356,21250726,GERES,P,-1,68.820484,69.608999,314.89173,-0.72113353,d,3.0746552,n,0.20327628,n,-999,0.8960276,IASPEI,-1,2021-10-21 07:29:06
164769863,21252727,GERES,PKhKP,-1,138.60826,41.479298,333.23943,-999,n,-23.720605,n,-999,n,-999,-1,-,-1,2021-10-21 15:20:44
164769864,21252727,GERES,PKP,-1,138.60826,41.479298,333.23943,0.94201666,d,48.520702,n,-0.34428223,n,-999,0.32303535,IASPEI,-1,2021-10-21 15:20:44
164769867,21252727,GERES,SKPbc,-1,138.60826,41.479298,333.23943,2.9348519,d,-12.900504,n,0.38770736,n,-999,0.66454352,IASPEI,-1,2021-10-21 15:20:44
164756827,21251698,GERES,P,-1,77.136586,24.273938,335.56945,0.51193076,d,9.1517248,n,-0.1519197,n,-999,0.88716998,IASPEI,-1,2021-10-21 11:29:21
164758758,21242617,GERES,Pn,-1,8.2860362,146.81121,331.10738,0.32617949,d,-3.3541938,n,0.59568167,n,-999,0.63000606,IASPEI,-1,2021-10-19 11:16:31
164758763,21242617,GERES,Sn,-1,8.2860362,146.81121,331.10738,-2.2604817,d,0.84701623,n,1.2335685,n,-999,0.34844498,IASPEI,-1,2021-10-19 11:16:31
164768013,21251226,GERES,P,-1,83.222716,61.033976,320.76369,0.20942167,d,-13.887657,n,0.69702154,n,-999,0.64605439,IASPEI,-1,2021-10-21 09:27:25
