"LAT","LON","DEPTH","TIME","ORID","EVID","JDATE","NASS","NDEF","NDP","GRN","SRN","ETYPE","DEPDP","DTYPE","MB","MBID","MS","MSID","ML","MLID","ALGORITHM","AUTH","COMMID","LDDATE"
52.134428,-171.20669,29.011227,1633047051.01445,21174935,21162700,2021274,157,70,0,9,1,-,-999,f,4.9343187,46983840,4.4030111,47007890,4.32493,46983843,LocSAT,,-1,2021-10-04 09:19:44
36.313737,71.227871,131.34666,1632998197.09501,21175895,21159044,2021273,46,43,5,717,48,-,-999,d,3.9340938,46986283,-999,-1,-999,-1,LocSAT,,-1,2021-10-04 13:22:04
-8.3869115,156.40312,0,1633057175.35274,21175979,21162362,2021274,55,27,0,193,15,-,-999,g,4.2758997,46986433,3.7026745,47007902,3.4420898,46986437,LocSAT,,-1,2021-10-04 13:41:31
35.446438,27.799689,0,1633160735.28417,21179211,21168272,2021275,26,25,0,369,30,-,-999,g,4.0193169,46994170,-999,-1,3.6216629,47016112,LocSAT,,-1,2021-10-05 06:27:41
-21.540887,174.61636,528.69717,1633157124.86641,21179443,21166940,2021275,21,19,0,185,14,-,-999,f,3.8280496,46994165,-999,-1,-999,-1,LocSAT,,-1,2021-10-05 07:42:40
84.636887,103.47093,0,1633132597.51426,21174686,21165897,2021274,78,21,0,651,40,-,-999,g,4.0016203,46985021,3.5614204,47007968,4.4471595,46985022,LocSAT,,-1,2021-10-04 08:19:47
35.300112,25.311508,0,1633163937.98734,21181383,21167332,2021275,15,14,0,370,30,-,-999,r,3.8982097,46997828,-999,-1,3.6185577,46997832,LocSAT,,-1,2021-10-05 15:41:31
26.709032,92.318721,0,1633252209.46985,21184732,21171280,2021276,13,11,0,317,26,-,-999,g,3.7733355,47003732,3.6227748,47017534,-999,-1,LocSAT,,-1,2021-10-06 09:13:57
-19.019808,168.95886,186.11326,1633547716.04225,21190983,21187060,2021279,29,27,0,186,14,-,-999,f,3.9131339,47024350,2.5062475,47059420,-999,-1,LocSAT,,-1,2021-10-07 15:39:47
36.416988,71.369699,136.22059,1633393211.176,21189395,21179185,2021278,56,45,8,717,48,-,-999,d,3.9913602,47026861,3.0886126,47027014,-999,-1,LocSAT,,-1,2021-10-07 09:19:27
53.683227,-163.7168,0,1633491741.65775,21194506,21184891,2021279,98,31,0,10,1,-,-999,g,4.1345695,47023768,3.7984248,47059364,3.6455988,47023772,LocSAT,,-1,2021-10-08 09:18:50
-22.884116,172.99463,0,1633552875.88029,21191159,21187312,2021279,20,9,0,189,14,-,-999,g,4.1316136,47024360,3.5299062,47059428,4.0874672,47024362,LocSAT,,-1,2021-10-07 16:34:18
39.403578,20.747598,0,1633573356.65374,21207216,21188186,2021280,15,14,0,392,31,-,-999,g,3.8446505,47046366,2.8076136,47061536,2.8128776,47046807,LocSAT,,-1,2021-10-11 06:50:12
30.364548,94.889101,0,1633401495.49008,21185869,21179167,2021278,36,24,0,306,26,-,-999,g,4.2637421,47026856,3.3089157,47027026,4.330859,47006664,LocSAT,,-1,2021-10-06 13:21:13
-8.7369637,-74.637398,130.00804,1633838779.71943,21214492,21203779,2021283,28,25,0,112,8,-,-999,f,3.8137568,47062412,-999,-1,-999,-1,LocSAT,,-1,2021-10-12 16:36:08
42.840472,-1.6189962,0,1633985124.21285,21223095,21210386,2021284,14,13,0,378,31,-,-999,g,4.0040576,47079273,-999,-1,3.4275948,47079277,LocSAT,,-1,2021-10-14 14:19:58
6.1619755,127.02855,69.124109,1633995021.13971,21223260,21210957,2021284,55,48,0,248,22,-,-999,f,4.334226,47079899,3.8570146,47088317,-999,-1,LocSAT,,-1,2021-10-14 15:22:14
42.504555,1.47697,0,1633940594.4596,21222444,21207538,2021284,21,15,0,378,31,-,-999,g,3.5657231,47077900,2.629661,47088261,4.1116168,47087548,LocSAT,,-1,2021-10-14 11:17:53
25.438021,126.37234,47.04715,1634009745.49127,21227301,21212583,2021285,62,29,0,238,20,-,-999,f,4.2506561,47087935,3.6469737,47088549,3.6221235,47087939,LocSAT,,-1,2021-10-15 13:32:10
-17.73776,-175.47114,238.8265,1633842262.07601,21213823,21203508,2021283,24,19,0,173,12,-,-999,f,3.7091189,47077948,-999,-1,-999,-1,LocSAT,,-1,2021-10-12 13:44:24
-16.797797,-174.29993,148.44101,1634095879.74462,21237965,21216515,2021286,31,23,0,173,12,-,-999,f,4.11851,47106276,-999,-1,-999,-1,LocSAT,,-1,2021-10-18 08:28:54
30.341377,94.748718,0,1634142927.05921,21237809,21219675,2021286,12,11,0,306,26,-,-999,g,3.6842224,47105947,3.039067,47110122,3.3915241,47105951,LocSAT,,-1,2021-10-18 07:39:42
50.401197,18.865756,0,1634180172.55694,21239197,21221709,2021287,5,5,0,548,36,-,-999,g,-999,-1,-999,-1,1.7746787,47108938,LocSAT,,-1,2021-10-18 13:57:44
-4.1650721,152.85316,0,1634118866.21443,21223392,21217570,2021286,47,28,0,192,15,-,-999,g,4.3932885,47081154,3.7479764,47110092,4.0085051,47081156,LocSAT,,-1,2021-10-14 16:12:40
9.7535871,-84.685479,0,1634093663.68139,21237823,21216408,2021286,84,32,0,78,6,-,-999,g,4.3481436,47106058,4.2724519,47110060,3.6223106,47106062,LocSAT,,-1,2021-10-18 07:56:08
-31.060268,-177.70428,0,1634400327.28585,21246975,21232745,2021289,79,39,0,177,12,-,-999,g,4.4204169,47125095,3.9632701,47128695,3.9286888,47125099,LocSAT,,-1,2021-10-20 10:43:41
30.834221,56.439144,0,1634384760.46928,21240344,21231996,2021289,121,42,0,348,29,-,-999,g,4.332524,47115606,4.4193758,47128675,3.9897014,47115609,LocSAT,,-1,2021-10-18 21:15:38
28.572895,87.226572,0,1634294138.55196,21232315,21226846,2021288,22,14,0,306,26,-,-999,g,3.9372054,47106846,2.9944713,47128299,3.9238226,47106848,LocSAT,,-1,2021-10-16 19:20:20
35.27877,25.263976,0,1634360254.46251,21239502,21230190,2021289,16,16,0,370,30,-,-999,g,3.8347693,47110331,-999,-1,3.1702051,47128463,LocSAT,,-1,2021-10-18 15:28:23
-7.0516129,130.00937,55.28956,1634244553.4567,21241899,21224287,2021287,49,37,0,281,24,-,-999,f,4.0836895,47118734,3.1705508,47118826,5.0334446,47114258,LocSAT,,-1,2021-10-19 07:33:29
15.636467,-49.888869,0,1634424972.59024,21247084,21232967,2021289,98,25,0,402,32,-,-999,g,4.3541478,47125391,3.9368518,47128731,4.7249807,47125395,LocSAT,,-1,2021-10-20 11:27:25
-29.589355,-175.71253,0,1634322422.17213,21242302,21228698,2021288,6,6,0,177,12,-,-999,g,3.5941969,47115128,-999,-1,3.1952644,47115132,LocSAT,,-1,2021-10-19 09:39:42
-19.281612,169.72104,33.793644,1634323117.97401,21235766,21228234,2021288,19,19,0,186,14,-,-999,f,4.0828682,47106903,-999,-1,3.7779801,47106906,LocSAT,,-1,2021-10-17 19:11:32
29.30062,89.235718,0,1633735955.57841,21212649,21198457,2021281,9,6,0,306,26,-,-999,g,3.6043932,47056988,3.6246459,47070364,3.0880051,47056992,LocSAT,,-1,2021-10-12 09:35:34
17.871033,-65.365944,0,1633717700.00951,21212860,21196582,2021281,54,35,0,90,7,-,-999,g,4.2762881,47057581,3.5509407,47070338,3.6626053,47057587,LocSAT,,-1,2021-10-12 10:16:09
-19.186695,-176.31315,0,1633656835.7205,21207412,21193059,2021281,7,7,0,181,13,-,-999,g,3.9369871,47051989,-999,-1,-999,-1,LocSAT,,-1,2021-10-11 08:05:57
50.321222,18.678292,0,1633646615.85515,21207789,21192508,2021280,10,9,0,548,36,-,-999,g,-999,-1,-999,-1,1.9922193,47047682,LocSAT,,-1,2021-10-11 10:03:10
-11.967865,166.73134,209.74247,1634711909.81865,21255899,21246319,2021293,79,68,4,184,14,-,-999,d,4.6624732,47144138,-999,-1,-999,-1,LocSAT,,-1,2021-10-22 10:31:00
32.103059,138.19775,330.06493,1634805406.85609,21267446,21251056,2021294,134,107,21,211,18,-,-999,d,5.0374994,47164719,-999,-1,-999,-1,LocSAT,,-1,2021-10-25 14:20:04
50.125443,178.84324,0,1634686203.64654,21255837,21245142,2021292,108,45,0,6,1,-,-999,g,4.5481508,47143976,3.7041171,47145811,4.7845539,47143980,LocSAT,,-1,2021-10-22 10:03:20
-16.989807,-173.97262,75.004648,1634939986.78376,21266659,21257627,2021295,65,26,0,173,12,-,-999,f,4.4206676,47187988,3.6867862,47188089,-999,-1,LocSAT,,-1,2021-10-25 08:59:07
17.289606,-62.178675,102.16465,1635029247.66115,21278440,21261373,2021296,39,30,0,92,7,-,-999,f,4.0092411,47185902,3.2888069,47188351,-999,-1,LocSAT,,-1,2021-10-28 11:44:17
-21.838838,179.68869,590.90706,1635104831.90797,21281598,21264878,2021297,17,15,0,171,12,-,-999,f,3.3737677,47192703,-999,-1,-999,-1,LocSAT,,-1,2021-10-29 07:49:38
-7.4261874,128.40783,157.21572,1635388328.66018,21295276,21277120,2021301,77,57,0,280,24,-,-999,f,4.5311467,47229246,3.3075827,47239580,-999,-1,LocSAT,,-1,2021-11-01 12:53:04
14.711729,55.171663,0,1635501982.6908,21300559,21282253,2021302,36,26,0,417,33,-,-999,g,4.0625707,47239948,4.2464008,47240191,4.6138877,47228358,LocSAT,,-1,2021-11-02 13:44:37
34.898615,26.231901,25.180239,1635393085.68444,21295450,21277262,2021301,21,14,0,370,30,-,-999,f,3.6737228,47217977,2.8843981,47239584,3.2783318,47217981,LocSAT,,-1,2021-11-01 13:22:06
-19.57477,-177.72415,383.32287,1635581119.51134,21305714,21285970,2021303,184,109,0,181,13,-,-999,f,4.854022,47238650,-999,-1,-999,-1,LocSAT,,-1,2021-11-03 13:47:20
50.341809,18.825163,0,1635587898.87604,21304624,21286248,2021303,8,6,0,548,36,-,-999,g,-999,-1,-999,-1,2.0271317,47236271,LocSAT,,-1,2021-11-03 09:14:14
35.256837,25.166341,0,1635669672.53858,21306350,21290160,2021304,16,16,0,370,30,-,-999,g,3.9441459,47240021,-999,-1,3.2264225,47251554,LocSAT,,-1,2021-11-03 16:34:29
-51.44397,137.90237,0,1635675216.02807,21301317,21290415,2021304,32,7,0,437,33,-,-999,g,4.0404957,47232992,3.5121873,47251672,3.4479478,47232993,LocSAT,,-1,2021-11-02 17:18:48
34.173988,8.3886566,0,1635741239.10017,21315257,21294677,2021305,37,31,0,397,31,-,-999,g,3.9058958,47258773,2.9367325,47259009,3.6545091,47258920,LocSAT,,-1,2021-11-05 15:03:34
-18.175192,-178.23254,527.29265,1635793302.10116,21305241,21296834,2021305,23,22,0,181,13,-,-999,f,3.4444026,47258928,-999,-1,-999,-1,LocSAT,,-1,2021-11-03 11:51:41
0.19641201,96.609394,0,1635803252.38153,21306490,21297382,2021305,70,29,0,705,46,-,-999,g,4.3582588,47242187,3.4959059,47259091,4.0312191,47242189,LocSAT,,-1,2021-11-03 16:57:27
0.090243143,96.447828,0,1635797450.83237,21305702,21297032,2021305,32,21,0,705,46,-,-999,g,4.0808907,47242166,3.4640209,47259079,3.6561595,47242175,LocSAT,,-1,2021-11-03 13:38:21
0.16750165,96.49704,0,1635865155.33725,21305641,21300924,2021306,47,27,0,705,46,-,-999,g,4.2430594,47240375,3.3688833,47259775,3.9504956,47240376,LocSAT,,-1,2021-11-03 13:34:02
33.38474,84.270984,0,1635825667.5978,21314280,21298578,2021306,18,11,0,306,26,-,-999,g,3.7666908,47256768,3.5363111,47259723,3.662882,47256773,LocSAT,,-1,2021-11-05 09:46:34
0.11998565,96.427108,0,1635883685.77846,21314341,21301960,2021306,33,17,0,705,46,-,-999,g,3.9463807,47256938,3.0564525,47259797,3.7640992,47256942,LocSAT,,-1,2021-11-05 10:01:29
42.377522,84.033993,0,1635270420.58885,21278199,21272491,2021299,97,53,0,332,28,-,-999,g,4.3820235,47196437,3.6572633,47196991,3.9414488,47187407,LocSAT,,-1,2021-10-28 10:43:13
3.5755569,93.700509,0,1635204709.05642,21281918,21268910,2021298,25,16,0,705,46,-,-999,g,4.1383205,47193533,-999,-1,3.6466939,47193537,LocSAT,,-1,2021-10-29 09:26:27
28.40009,-17.832054,0,1635265531.98641,21278444,21272254,2021299,6,5,0,394,31,-,-999,g,3.866003,47187384,-999,-1,4.0656308,47187390,LocSAT,,-1,2021-10-28 11:50:48
-24.006637,179.90266,521.79482,1635177911.13659,21281911,21268641,2021298,68,49,0,171,12,-,-999,f,4.0192921,47196241,-999,-1,-999,-1,LocSAT,,-1,2021-10-29 09:22:42
-33.121827,-179.47437,66.335701,1635315049.07684,21295702,21274511,2021300,88,42,0,179,12,-,-999,f,4.3469718,47218455,3.9253054,47225825,-999,-1,LocSAT,,-1,2021-11-01 14:18:13
2.7174559,95.370034,0,1635172748.20957,21276169,21268363,2021298,72,31,0,705,46,-,-999,g,4.3871441,47181615,3.6784568,47196526,4.1908514,47181618,LocSAT,,-1,2021-10-27 20:55:14
49.167919,155.95686,44.3094,1634492355.29771,21251536,21236496,2021290,138,62,4,221,19,-,-999,d,4.394627,47135280,4.2396705,47138316,4.6602423,47138090,LocSAT,,-1,2021-10-21 10:48:50
28.631034,138.18979,520.41671,1634507991.52976,21251383,21236367,2021290,158,140,0,212,18,-,-999,f,4.6995915,47134896,-999,-1,-999,-1,LocSAT,,-1,2021-10-21 10:04:34
-14.638207,168.00525,0,1634486251.23886,21251125,21236210,2021290,59,30,0,186,14,-,-999,g,4.5894009,47134149,3.8126306,47138306,3.9809294,47134153,LocSAT,,-1,2021-10-21 09:07:08
-54.070472,139.90599,0,1634490970.65087,21251377,21235533,2021290,18,7,0,701,45,-,-999,g,3.692881,47134840,3.8153103,47138312,-999,-1,LocSAT,,-1,2021-10-21 09:59:34
55.970649,-156.61589,0,1633097566.01752,21179675,21165278,2021274,132,49,0,17,1,-,-999,g,5.0279637,46993333,4.0640783,47007942,4.8013889,46993337,LocSAT,,-1,2021-10-05 08:42:49
-21.134618,174.89547,540.12175,1633156158.60903,21189551,21166844,2021275,223,108,19,185,14,-,-999,d,5.598653,47016128,-999,-1,-999,-1,LocSAT,,-1,2021-10-07 10:01:31
-13.813061,167.19684,170.86882,1633003673.91872,21174719,21159405,2021273,103,74,9,186,14,-,-999,d,4.6328754,46983469,3.7045008,47005137,-999,-1,LocSAT,,-1,2021-10-04 08:36:25
-15.112806,-173.37924,0,1633146269.62147,21175288,21166472,2021275,12,9,0,173,12,-,-999,g,3.815516,46994144,3.4331198,47016175,-999,46994145,LocSAT,,-1,2021-10-04 10:38:45
30.271542,94.736063,0,1633149919.32932,21175616,21166573,2021275,23,22,0,306,26,-,-999,g,4.2855091,46994151,-999,-1,4.2196271,46994153,LocSAT,,-1,2021-10-04 12:14:03
-20.602593,169.44248,0,1632978829.37518,21175442,21158139,2021273,21,10,0,186,14,-,-999,g,3.8004581,46985276,3.3201456,47005111,4.3522626,46985280,LocSAT,,-1,2021-10-04 11:35:32
-15.261834,-177.62128,0,1633099264.37985,21175898,21164521,2021274,51,10,0,181,13,-,-999,g,4.0680098,46987938,3.8652528,47007944,3.3497969,46987940,LocSAT,,-1,2021-10-04 13:34:17
-9.14565,67.211704,0,1633207417.05348,21180987,21170282,2021275,180,65,0,429,33,-,-999,g,5.0845797,46996876,5.2087517,47016211,-999,-1,LocSAT,,-1,2021-10-05 14:15:22
43.955844,148.27634,0,1633224850.95851,21184724,21170184,2021276,51,35,0,222,19,-,-999,g,4.0804634,47004730,3.4024277,47017492,3.5048995,47003705,LocSAT,,-1,2021-10-06 09:04:35
-17.374338,-173.88244,0,1633362375.13135,21185356,21176664,2021277,12,9,0,173,12,-,-999,g,3.9623813,47005827,3.4519683,47026146,3.9049596,47005828,LocSAT,,-1,2021-10-06 11:26:43
36.457487,27.181215,0,1633420446.97817,21189988,21179623,2021278,30,25,0,369,30,-,-999,g,4.1534218,47026871,2.988294,47027060,3.8507143,47026845,LocSAT,,-1,2021-10-07 11:39:38
36.728291,66.758304,32.091208,1633420799.57019,21190074,21179625,2021278,142,53,0,718,48,-,-999,f,4.5528206,47026919,4.3878785,47027062,4.7840472,47015210,LocSAT,,-1,2021-10-07 12:09:29
-17.765334,-178.29979,602.26193,1633570728.63423,21207314,21188090,2021280,15,15,0,181,13,-,-999,f,3.3569446,47046561,-999,-1,-999,-1,LocSAT,,-1,2021-10-11 07:20:12
0.77157117,125.95024,0,1633966066.66649,21222615,21209179,2021284,92,52,0,266,23,-,-999,g,4.7642754,47078294,3.814938,47088281,4.4552491,47078298,LocSAT,,-1,2021-10-14 12:10:26
-17.790411,-178.63318,576.30685,1633880621.73837,21221928,21205301,2021283,48,39,0,181,13,-,-999,f,3.6999747,47077933,-999,-1,-999,-1,LocSAT,,-1,2021-10-14 09:27:57
-11.613207,-71.579584,0,1633825238.6514,21223202,21203599,2021283,158,66,0,116,8,-,-999,g,5.5313283,47079758,5.0265409,47080129,4.733716,47079762,LocSAT,,-1,2021-10-14 15:04:37
-17.844447,-178.70612,562.29184,1633997086.87296,21217962,21211050,2021285,35,34,0,181,13,-,-999,f,3.4709986,47068487,-999,-1,-999,-1,LocSAT,,-1,2021-10-13 12:02:29
-16.488063,177.33805,0,1633834632.16748,21213616,21203078,2021283,60,20,0,182,13,-,-999,g,4.1793105,47062072,3.7899545,47080135,-999,47062074,LocSAT,,-1,2021-10-12 12:59:46
42.41009,143.10874,51.184639,1633875374.86496,21221661,21205053,2021283,138,57,4,224,19,-,-999,d,4.5638945,47076103,3.7317908,47080181,-999,-1,LocSAT,,-1,2021-10-14 08:06:32
27.399735,55.313438,0,1633882283.45336,21212033,21205353,2021283,81,38,0,353,29,-,-999,g,4.3483458,47063055,4.1079144,47080197,4.2543787,47063059,LocSAT,,-1,2021-10-12 06:48:17
18.881036,-155.53979,0,1633902511.91114,21223324,21206496,2021283,161,58,0,613,39,-,-999,g,5.2421058,47080008,5.4227126,47080211,-999,-1,LocSAT,,-1,2021-10-14 15:41:20
48.280809,153.77307,87.334918,1633993802.24905,21227220,21211768,2021284,219,90,9,221,19,-,-999,d,5.0624828,47087726,4.9144731,47088315,-999,-1,LocSAT,,-1,2021-10-15 13:10:59
55.698574,161.66101,89.348586,1634155322.16398,21238312,21219720,2021286,32,20,0,218,19,-,-999,f,3.6014406,47107466,2.5720945,47110138,-999,-1,LocSAT,,-1,2021-10-18 10:10:07
-15.088176,167.39935,126.04848,1634190716.0598,21239221,21221362,2021287,132,70,10,186,14,-,-999,d,4.8304941,47118706,4.3549783,47118780,-999,-1,LocSAT,,-1,2021-10-18 14:14:33
51.738538,157.05375,122.74716,1634047947.82562,21226101,21214062,2021285,68,56,9,218,19,-,-999,d,3.8338767,47087900,3.1612999,47088587,-999,-1,LocSAT,,-1,2021-10-15 08:11:52
30.841032,-41.141062,0,1634187095.88509,21239286,21221221,2021287,33,13,0,403,32,-,-999,g,3.8191389,47109133,3.4967803,47118778,-999,-1,LocSAT,,-1,2021-10-18 14:29:27
6.7695542,127.35684,52.595815,1634246350.35861,21241959,21225222,2021287,36,29,0,248,22,-,-999,f,4.0729057,47114387,3.0295854,47118830,4.2977809,47114391,LocSAT,,-1,2021-10-19 07:49:33
60.285458,-151.67468,62.946796,1634406442.99106,21247784,21233003,2021289,120,71,19,14,1,-,-999,d,4.2720921,47127146,3.5543841,47128701,-999,-1,LocSAT,,-1,2021-10-20 14:49:06
-8.8484978,158.36498,0,1634265894.0876,21243435,21225583,2021288,217,81,0,193,15,-,-999,g,5.8188275,47128237,5.9875776,47128273,5.3146264,47117711,LocSAT,,-1,2021-10-19 15:02:37
45.855193,149.2078,149.14648,1634349733.61612,21246484,21230538,2021289,149,78,11,221,19,-,-999,d,4.5051176,47124039,3.5022593,47128633,-999,-1,LocSAT,,-1,2021-10-20 08:08:10
21.196045,121.32917,43.365675,1634398506.48959,21246835,21231725,2021289,94,42,0,243,21,-,-999,f,4.1377467,47124778,3.9179295,47128693,3.8467674,47124782,LocSAT,,-1,2021-10-20 10:05:03
35.276536,27.062815,0,1634402554.43162,21247019,21232440,2021289,14,12,0,369,30,-,-999,g,3.6093314,47125195,3.3327691,47128697,3.111707,47125199,LocSAT,,-1,2021-10-20 11:02:29
35.302021,25.236797,0,1634289338.96855,21239647,21227579,2021288,30,21,0,370,30,-,-999,g,4.1182656,47110921,2.7416662,47128289,3.4917753,47110931,LocSAT,,-1,2021-10-18 16:11:30
50.333264,18.923647,0,1634365600.38648,21239628,21231066,2021289,14,14,0,548,36,-,-999,g,-999,47109707,-999,-1,2.4740566,47109708,LocSAT,,-1,2021-10-18 15:56:59
-14.963176,-177.86906,373.49057,1634273162.14879,21238229,21225641,2021288,15,15,0,181,13,-,-999,f,3.4711449,47110892,-999,-1,-999,-1,LocSAT,,-1,2021-10-18 09:40:07
35.492065,140.02241,67.739922,1633614084.24436,21212240,21190633,2021280,267,90,0,228,19,-,-999,f,5.736868,47056090,5.0217876,47061580,-999,-1,LocSAT,,-1,2021-10-12 07:51:35
13.910639,120.69273,144.20374,1633630492.02267,21208808,21191672,2021280,67,53,6,250,22,-,-999,d,4.4476723,47058579,3.8738068,47061596,-999,-1,LocSAT,,-1,2021-10-11 14:40:50
51.639217,16.069822,0,1633794003.50907,21217440,21212650,2021282,7,7,0,548,36,-,-999,g,-999,-1,-999,-1,2.6971528,47067419,LocSAT,,-1,2021-10-13 09:54:35
-22.252818,169.82576,0,1633607272.40827,21195753,21190163,2021280,13,9,0,189,14,-,-999,g,3.8592256,47026677,3.0478022,47061572,3.3532943,47026678,LocSAT,,-1,2021-10-08 14:49:13
4.5703033,95.521699,62.680166,1633687493.8866,21212644,21196006,2021281,133,66,11,706,46,-,-999,d,4.5562457,47067663,3.7847452,47070292,-999,-1,LocSAT,,-1,2021-10-12 09:32:19
35.324789,25.146697,0,1634803976.17109,21255793,21252337,2021294,54,44,0,370,30,-,-999,g,4.5547124,47162794,3.3236772,47179926,4.027377,47164732,LocSAT,,-1,2021-10-22 09:56:08
86.324734,36.977875,0,1635097671.37118,21270749,21264465,2021297,122,38,0,644,40,-,-999,g,4.2202403,47179091,3.9950337,47195965,3.936052,47179094,LocSAT,,-1,2021-10-26 12:16:40
43.093422,-126.71091,0,1635077499.79382,21281648,21263537,2021297,112,35,0,30,3,-,-999,g,3.9679426,47192816,4.1801755,47195949,3.7689137,47192820,LocSAT,,-1,2021-10-29 08:03:42
39.122947,20.82027,0,1634951840.47449,21270885,21258149,2021296,22,18,0,392,31,-,-999,g,3.7652791,47172345,3.5778463,47188275,3.2413406,47188232,LocSAT,,-1,2021-10-26 13:04:50
24.011992,121.65918,0,1634958959.85375,21271226,21258434,2021296,101,32,0,244,21,-,-999,g,4.3905162,47172359,4.2725164,47188289,4.141176,47172361,LocSAT,,-1,2021-10-26 15:13:33
44.155817,-7.8721376,0,1635481930.63207,21299538,21281119,2021302,34,20,0,402,32,-,-999,g,3.6929872,47226074,3.2517628,47240159,4.0407355,47226078,LocSAT,,-1,2021-11-02 09:13:16
9.1155822,126.15902,76.284207,1635576788.82375,21301107,21285781,2021303,76,39,0,259,22,-,-999,f,4.0644669,47229524,3.281248,47250552,-999,-1,LocSAT,,-1,2021-11-02 16:16:44
51.536474,-173.71606,48.248536,1635446290.26807,21300055,21280558,2021301,35,24,0,7,1,-,-999,f,3.7458825,47227159,3.1141343,47239620,3.7965892,47227163,LocSAT,,-1,2021-11-02 11:27:11
-16.068204,-172.7761,0,1635460670.58265,21299896,21280349,2021301,44,19,0,169,12,-,-999,r,4.0880905,47226667,3.6532263,47239624,3.6384074,47226671,LocSAT,,-1,2021-11-02 10:48:39
-51.357556,139.26806,0,1635584539.49971,21304448,21286147,2021303,26,14,0,437,33,-,-999,g,4.2270434,47235990,-999,-1,3.8918677,47235994,LocSAT,,-1,2021-11-03 08:33:44
-23.412042,-175.4167,0,1635726102.72239,21310004,21292909,2021305,42,35,0,174,12,-,-999,g,4.5060612,47247489,5.3923174,47258985,4.2295955,47247493,LocSAT,,-1,2021-11-04 10:16:12
46.729547,150.3026,187.02832,1635726814.55373,21310067,21292917,2021305,49,38,0,221,19,-,-999,f,3.7059264,47247565,4.2807456,47258987,-999,-1,LocSAT,,-1,2021-11-04 10:21:34
56.474725,117.60867,0,1635734993.30309,21310208,21293269,2021305,14,10,0,328,28,-,-999,g,3.6403806,47248046,3.7217238,47258997,4.0499488,47248438,LocSAT,,-1,2021-11-04 11:05:45
20.55279,121.33093,61.098197,1635610179.58201,21304697,21288479,2021303,101,33,0,248,22,-,-999,f,4.1131972,47236390,3.6433669,47250584,-999,-1,LocSAT,,-1,2021-11-03 09:30:22
51.654201,15.891788,0,1635642783.08933,21306034,21289003,2021304,14,14,0,548,36,-,-999,g,-999,-1,-999,-1,2.8001233,47239771,LocSAT,,-1,2021-11-03 14:57:07
-18.929407,169.49115,283.19854,1635702679.31322,21301488,21291734,2021304,20,19,0,186,14,-,-999,f,3.7261339,47231003,-999,-1,-999,-1,LocSAT,,-1,2021-11-02 18:21:51
38.166793,22.50149,108.01124,1635766212.93506,21305476,21295074,2021305,27,22,0,364,30,-,-999,f,3.618303,47258933,-999,-1,-999,-1,LocSAT,,-1,2021-11-03 12:55:21
13.407018,49.671463,0,1635813333.16459,21311360,21298940,2021306,76,18,0,415,33,-,-999,g,3.8796253,47250962,3.9016653,47259701,4.1166655,47250966,LocSAT,,-1,2021-11-04 16:27:17
44.213014,20.865615,0,1635895547.89968,21310265,21302679,2021306,25,19,0,383,31,-,-999,g,3.3909066,47248478,2.8228019,47259809,3.3994444,47259530,LocSAT,,-1,2021-11-04 11:17:59
-5.3192388,152.36475,0,1635139312.38542,21275477,21266204,2021298,90,25,0,192,15,-,-999,g,4.6681755,47180467,4.1293962,47196502,-999,47180469,LocSAT,,-1,2021-10-27 16:52:07
48.588523,22.75069,0,1635299099.036,21277619,21273687,2021300,13,10,0,357,30,-,-999,g,3.4771498,47186973,3.5674018,47225809,2.7560392,47186977,LocSAT,,-1,2021-10-28 07:32:34
34.79432,32.906663,0,1635342205.18459,21294577,21275543,2021300,19,15,0,372,30,-,-999,g,3.5285388,47216215,2.6524143,47225847,3.621108,47217129,LocSAT,,-1,2021-11-01 09:38:14
-28.981322,-177.27856,0,1635133206.93599,21274711,21265954,2021298,22,19,0,177,12,-,-999,g,4.4677884,47180455,4.5546629,47196496,-999,-1,LocSAT,,-1,2021-10-27 13:08:17
36.564047,66.724262,0,1635173235.09218,21274638,21267547,2021298,30,22,0,718,48,-,-999,g,3.8988075,47181616,3.352831,47196528,3.6276318,47181619,LocSAT,,-1,2021-10-27 12:41:08
51.646734,15.876993,0,1634616563.64441,21255576,21246833,2021292,6,6,0,548,36,-,-999,g,-999,-1,-999,-1,2.5581757,47143337,LocSAT,,-1,2021-10-22 08:39:43
46.056855,53.197715,0,1634624457.57061,21255691,21241807,2021292,20,18,0,336,29,-,-999,g,3.7982596,47143626,-999,-1,3.6611557,47143630,LocSAT,,-1,2021-10-22 09:29:14
34.650492,28.283803,32.937706,1634621551.98949,21255637,21241699,2021292,201,89,0,371,30,-,-999,f,5.7099651,47145625,5.1224688,47145759,5.1302811,47145669,LocSAT,,-1,2021-10-22 09:06:04
31.758167,50.902867,0,1634589720.05903,21252293,21240397,2021291,16,16,0,348,29,-,-999,g,3.7349564,47136865,-999,-1,3.1943828,47136869,LocSAT,,-1,2021-10-21 13:46:11
-50.799058,-74.709486,0,1634487256.39965,21251216,21235383,2021290,23,13,0,144,9,-,-999,g,3.8567007,47134350,3.6371086,47138308,3.3989908,47134354,LocSAT,,-1,2021-10-21 09:23:11
-46.754425,165.73965,0,1634677879.89052,21255362,21245192,2021292,62,30,0,161,11,-,-999,g,4.1200148,47143862,3.9299095,47145799,4.466905,47142934,LocSAT,,-1,2021-10-22 07:55:38
38.447684,141.91775,62.678224,1632991530.48986,21172405,21158650,2021273,66,46,8,228,19,-,-999,d,4.0885131,46979361,3.3984924,47005125,-999,-1,LocSAT,,-1,2021-10-03 16:58:15
-7.0924017,154.93215,0,1633141030.42017,21176556,21167094,2021275,107,54,0,193,15,-,-999,g,4.8436146,46994134,4.6054341,47016165,4.0931406,46994140,LocSAT,,-1,2021-10-04 16:08:27
43.777164,149.17647,0,1633036486.42704,21164073,21163564,2021273,14,8,0,222,19,-,-999,g,3.4776689,46965040,-999,-1,2.7998489,46965045,LocSAT,,-1,2021-10-01 12:37:51
7.6567701,-37.032557,0,1633292802.87735,21184923,21173591,2021276,30,10,0,406,32,-,-999,g,3.8625199,47004236,3.421063,47017560,-999,-1,LocSAT,,-1,2021-10-06 09:42:55
32.373823,49.693047,34.897102,1633315171.22336,21189140,21173771,2021277,232,103,0,347,29,-,-999,f,5.5048906,47013662,5.1820636,47026102,4.5875398,47012934,LocSAT,,-1,2021-10-07 08:16:56
-20.627436,-178.02725,546.25822,1633238816.96715,21186223,21170755,2021276,13,13,0,181,13,-,-999,f,3.0490602,47007157,-999,-1,-999,-1,LocSAT,,-1,2021-10-06 14:48:57
-23.604984,179.11781,531.80388,1633372324.02977,21189906,21177207,2021277,85,65,10,171,12,-,-999,d,3.9184251,47014705,-999,-1,-999,-1,LocSAT,,-1,2021-10-07 11:22:19
-21.192565,174.51236,518.93363,1633172479.4313,21179773,21167790,2021275,16,16,0,185,14,-,-999,f,3.2673187,46993565,-999,-1,-999,-1,LocSAT,,-1,2021-10-05 09:12:21
32.56868,93.012546,0,1633286638.57169,21185011,21173086,2021276,35,29,0,306,26,-,-999,g,4.0622705,47004422,3.3178851,47017556,3.6646742,47004426,LocSAT,,-1,2021-10-06 10:08:39
30.284234,94.829975,29.154081,1633317862.12132,21184060,21173859,2021277,24,24,0,306,26,-,-999,f,4.1040345,47004803,-999,-1,4.3993644,47004809,LocSAT,,-1,2021-10-06 05:45:44
20.525162,120.0464,0,1633267394.3888,21184407,21171942,2021276,49,18,0,248,22,-,-999,g,4.1032381,47003092,3.5011519,47017542,3.4167905,47003096,LocSAT,,-1,2021-10-06 07:41:46
-60.246628,-27.342727,0,1633359103.37164,21185074,21177517,2021277,74,32,0,153,10,-,-999,g,4.5764046,47005822,4.4628136,47026142,4.4530278,47005824,LocSAT,,-1,2021-10-06 10:21:17
43.719468,16.930637,0,1633550252.27163,21191072,21188018,2021279,109,51,0,383,31,-,-999,g,4.3396334,47046612,3.6734229,47059422,4.0104346,47046595,LocSAT,,-1,2021-10-07 16:13:19
45.963787,7.6095784,0,1633412366.64147,21184719,21179161,2021278,42,24,0,545,36,-,-999,g,3.7366504,47008370,3.3979818,47027042,3.7819655,47008373,LocSAT,,-1,2021-10-06 09:03:23
25.694883,125.01962,49.290191,1633457028.05655,21190238,21182754,2021278,76,41,0,246,21,-,-999,f,4.3826816,47015523,4.4475263,47027096,3.7294957,47015527,LocSAT,,-1,2021-10-07 12:40:09
40.000999,142.17744,60.424284,1633455963.34148,21194515,21181961,2021278,197,79,0,228,19,-,-999,f,5.3477844,47023790,5.0376613,47027094,-999,-1,LocSAT,,-1,2021-10-08 09:26:14
56.332893,-157.07711,0,1634013674.17381,21217484,21211789,2021285,19,16,0,12,1,-,-999,g,3.8789337,47072964,-999,-1,3.137364,47072966,LocSAT,,-1,2021-10-13 09:58:30
-4.6983563,152.85991,51.38296,1633809710.8967,21218521,21202811,2021282,164,69,0,192,15,-,-999,f,4.9129426,47070006,4.6581674,47079413,-999,-1,LocSAT,,-1,2021-10-13 15:00:11
35.133401,25.089262,0,1633956459.04387,21226023,21208431,2021284,22,20,0,370,30,-,-999,g,4.0713742,47085406,4.8137146,47088267,3.42248,47085410,LocSAT,,-1,2021-10-15 07:40:54
6.8041075,-72.930877,155.48581,1634014306.98289,21219459,21211842,2021285,48,44,0,99,7,-,-999,f,4.0142663,47087870,-999,-1,-999,-1,LocSAT,,-1,2021-10-13 18:44:21
30.389919,94.915316,0,1633830532.16758,21213461,21202918,2021283,23,23,0,306,26,-,-999,g,4.219453,47077938,-999,-1,4.1894797,47062068,LocSAT,,-1,2021-10-12 12:22:48
-36.289094,52.577506,0,1634183222.94049,21239087,21221981,2021287,113,37,0,428,33,-,-999,g,4.8827075,47108789,4.3169106,47118776,4.8783239,47108793,LocSAT,,-1,2021-10-18 13:36:53
44.958546,-27.995516,0,1634024027.28836,21219513,21212298,2021285,79,19,0,403,32,-,-999,g,3.9631059,47072986,3.5594153,47088569,3.9689816,47072989,LocSAT,,-1,2021-10-13 19:14:00
-18.114042,-178.38681,642.42893,1634109327.02387,21222951,21217077,2021286,15,15,0,181,13,-,-999,f,3.3107644,47081141,-999,-1,-999,-1,LocSAT,,-1,2021-10-14 13:36:57
1.2202048,126.03581,33.31505,1634224588.93942,21243606,21224152,2021287,221,96,0,266,23,-,-999,f,5.4719205,47118212,4.6536054,47118812,5.0203629,47118216,LocSAT,,-1,2021-10-19 15:52:23
-22.533319,171.25591,0,1634377872.00926,21246685,21230878,2021289,49,29,0,189,14,-,-999,g,4.1942243,47124466,3.6983426,47128669,4.278311,47124470,LocSAT,,-1,2021-10-20 09:05:28
-21.176207,-178.12638,489.50624,1634381807.95375,21246693,21230991,2021289,16,15,0,181,13,-,-999,f,3.0128115,47124494,-999,-1,-999,-1,LocSAT,,-1,2021-10-20 09:15:51
-18.00911,-174.62296,126.86555,1634426006.14963,21242670,21233020,2021289,25,18,0,173,12,-,-999,f,3.8132612,47118375,-999,-1,-999,-1,LocSAT,,-1,2021-10-19 11:30:35
27.707287,129.59849,0,1634415589.41298,21246681,21232540,2021289,27,15,0,238,20,-,-999,g,3.7384804,47124453,3.2438378,47128715,3.538613,47124457,LocSAT,,-1,2021-10-20 09:01:34
-0.27328171,29.685952,0,1634343805.72991,21243534,21229327,2021289,63,24,0,567,37,-,-999,g,4.1465955,47117978,3.5486974,47128629,-999,-1,LocSAT,,-1,2021-10-19 15:34:06
11.668035,-60.115375,0,1634368058.42387,21239641,21230449,2021289,93,39,0,95,7,-,-999,g,4.4349905,47128482,3.6625151,47128663,4.4469879,47109715,LocSAT,,-1,2021-10-18 16:00:08
35.626657,82.510857,0,1633737210.35086,21212829,21197596,2021281,42,20,0,306,26,-,-999,g,3.8853763,47057468,3.5377617,47070368,3.1360394,47057473,LocSAT,,-1,2021-10-12 10:03:21
32.339474,49.745145,0,1633734984.29458,21212642,21197463,2021281,99,61,0,347,29,-,-999,g,4.6067139,47058726,4.0142567,47070362,3.8023408,47056939,LocSAT,,-1,2021-10-12 09:31:37
-21.233578,174.52192,510.58551,1633777109.97911,21218918,21201024,2021282,283,111,13,185,14,-,-999,d,5.7186852,47071027,-999,-1,-999,-1,LocSAT,,-1,2021-10-13 15:46:57
42.35426,2.3538626,0,1633686221.67378,21213827,21194690,2021281,11,9,0,378,31,-,-999,g,3.6934171,47060046,2.9268261,47070290,3.8634878,47060050,LocSAT,,-1,2021-10-12 13:48:01
30.314262,94.836017,37.044664,1633757816.64982,21217072,21198637,2021282,31,31,0,306,26,-,-999,f,4.2075869,47066508,-999,-1,4.2128227,47066512,LocSAT,,-1,2021-10-13 07:53:33
42.366823,142.01579,92.57183,1633747653.84587,21214340,21198118,2021282,74,53,5,224,19,-,-999,d,4.1361138,47061037,3.3092098,47079337,-999,-1,LocSAT,,-1,2021-10-12 15:37:15
51.595703,16.073487,0,1633753489.52537,21216834,21199409,2021282,7,7,0,548,36,-,-999,g,-999,-1,-999,-1,2.1657511,47067152,LocSAT,,-1,2021-10-13 06:36:51
-6.0511624,151.78374,0,1633699451.52995,21213468,21196662,2021281,37,29,0,192,15,-,-999,g,4.3350044,47058732,3.3231156,47070312,4.0579551,47058736,LocSAT,,-1,2021-10-12 12:32:06
-17.750115,-178.46159,505.46871,1633668194.08778,21209501,21193639,2021281,28,25,0,181,13,-,-999,f,3.6841769,47052014,-999,-1,-999,-1,LocSAT,,-1,2021-10-11 17:35:26
35.220408,25.26304,0,1634697843.86126,21266348,21246590,2021293,65,37,0,370,30,-,-999,g,4.3053465,47162284,3.5437701,47165738,3.729269,47162569,LocSAT,,-1,2021-10-25 07:15:31
-26.033926,178.33193,600.84592,1634891335.49019,21267259,21255644,2021295,42,38,0,171,12,-,-999,f,3.366473,47165381,-999,-1,-999,-1,LocSAT,,-1,2021-10-25 13:01:26
38.595882,43.262478,0,1634742345.43579,21252013,21247918,2021293,43,26,0,366,30,-,-999,g,4.110448,47165711,3.421313,47165762,4.0302321,47165731,LocSAT,,-1,2021-10-21 12:43:50
-17.855054,-178.32182,604.40525,1634992952.18096,21274995,21259894,2021296,26,26,0,181,13,-,-999,f,3.233825,47178763,-999,-1,-999,-1,LocSAT,,-1,2021-10-27 14:25:55
44.100363,148.69278,136.80081,1635037670.32394,21277661,21261801,2021297,19,12,0,221,19,-,-999,f,3.5673535,47184313,-999,-1,-999,-1,LocSAT,,-1,2021-10-28 07:42:56
-14.015675,-14.417577,0,1634953974.73841,21271139,21258239,2021296,47,13,0,410,32,-,-999,g,4.1540808,47172348,3.7192152,47188281,-999,-1,LocSAT,,-1,2021-10-26 14:31:42
35.192324,25.131909,0,1634897489.51421,21274534,21255903,2021295,74,48,0,370,30,-,-999,g,4.3555098,47177932,3.3972276,47188051,3.9542924,47178000,LocSAT,,-1,2021-10-27 12:02:20
35.423403,-3.4116103,0,1635018840.64455,21278343,21260974,2021296,23,20,0,385,31,-,-999,g,4.0075203,47185717,3.2671692,47188343,3.4042572,47185723,LocSAT,,-1,2021-10-28 11:32:23
41.468605,20.428618,0,1635503006.26529,21300725,21282257,2021302,14,14,0,391,31,-,-999,g,3.713468,47228653,-999,-1,3.2779384,47228657,LocSAT,,-1,2021-11-02 14:27:44
-51.187505,139.75779,0,1635585176.42858,21304519,21286620,2021303,15,6,0,437,33,-,-999,g,3.9157404,47236118,-999,-1,-999,-1,LocSAT,,-1,2021-11-03 08:50:09
43.949537,13.107492,0,1635504786.65645,21300988,21282327,2021302,48,26,0,381,31,-,-999,g,3.9651411,47229237,3.3762249,47240197,3.5788123,47229241,LocSAT,,-1,2021-11-02 15:39:57
-6.0168548,128.68392,334.20015,1635367317.68624,21294592,21276226,2021300,54,48,0,280,24,-,-999,f,4.3476119,47220612,-999,-1,-999,-1,LocSAT,,-1,2021-11-01 09:56:13
-51.29355,139.43072,0,1635584601.72779,21304446,21286149,2021303,72,41,0,437,33,-,-999,g,4.7934438,47235973,5.8031804,47250564,4.6377852,47235977,LocSAT,,-1,2021-11-03 08:27:21
18.430573,-62.325886,0,1635804493.00614,21306492,21297444,2021305,108,34,0,92,7,-,-999,g,4.4690792,47242192,4.1748621,47259093,4.4139006,47242196,LocSAT,,-1,2021-11-03 17:06:27
34.892589,24.871161,0,1635708843.7414,21301566,21291960,2021304,13,12,0,370,30,-,-999,g,3.6361289,47231017,-999,-1,2.7871603,47251553,LocSAT,,-1,2021-11-02 18:52:20
54.958042,-158.86722,16.765454,1635698264.78414,21311130,21291486,2021304,167,59,0,17,1,-,-999,f,5.1551771,47251589,5.2819681,47251692,4.6506727,47250292,LocSAT,,-1,2021-11-04 15:16:20
-4.439519,102.17202,48.671874,1635747578.6934,21311081,21293944,2021305,63,38,4,274,24,-,-999,d,4.1433254,47250186,3.3174873,47259019,-999,-1,LocSAT,,-1,2021-11-04 14:57:13
-22.999469,171.114,0,1635644618.63621,21299537,21289117,2021304,11,10,0,189,14,-,-999,g,4.0100972,47229572,3.1500267,47251640,3.4683638,47229578,LocSAT,,-1,2021-11-02 09:13:13
0.18685527,96.51085,0,1635860354.07833,21314154,21300668,2021306,111,40,0,705,46,-,-999,g,4.6121718,47256485,3.8691674,47259767,4.2875309,47256489,LocSAT,,-1,2021-11-05 09:07:10
7.4980295,126.61923,77.784977,1635227471.86147,21283112,21269755,2021299,51,36,0,259,22,-,-999,f,4.2896347,47196764,3.0336869,47196943,-999,-1,LocSAT,,-1,2021-10-29 14:53:04
10.124694,41.270548,0,1635294954.06079,21281988,21278867,2021300,35,12,0,558,37,-,-999,g,3.7180739,47193768,3.4953839,47225805,3.7311306,47193772,LocSAT,,-1,2021-10-29 09:50:06
-17.770026,-178.70465,578.28958,1635198885.04138,21274595,21268705,2021298,15,15,0,181,13,-,-999,f,3.532671,47180156,-999,-1,-999,-1,LocSAT,,-1,2021-10-27 12:27:56
35.704143,-121.45503,0,1635205355.38265,21281924,21268914,2021298,79,43,0,39,3,-,-999,g,4.6207542,47193629,4.0211378,47196546,3.8903893,47193599,LocSAT,,-1,2021-10-29 09:31:55
56.214706,117.47186,0,1635287108.96599,21278928,21272373,2021299,33,15,0,328,28,-,-999,g,3.6329651,47187438,3.0019189,47197005,3.4434055,47187441,LocSAT,,-1,2021-10-28 13:56:42
-3.2482308,141.00911,0,1635199506.46568,21283039,21268707,2021298,95,42,0,202,16,-,-999,g,4.633398,47196481,4.560133,47196538,4.3514498,47196487,LocSAT,,-1,2021-10-29 14:26:01
-17.896635,-173.23208,0,1635137438.25534,21275416,21266130,2021298,22,17,0,173,12,-,-999,g,4.2034959,47180459,3.7607077,47196498,3.9435039,47180463,LocSAT,,-1,2021-10-27 16:26:58
34.717754,32.823988,45.611032,1635310385.86028,21278081,21273220,2021300,20,16,0,372,30,-,-999,f,3.4111785,47186992,2.9655611,47225821,3.5229843,47220573,LocSAT,,-1,2021-10-28 10:09:51
40.926842,142.1707,68.144103,1634485770.99785,21251117,21236222,2021290,92,51,3,228,19,-,-999,d,4.4844751,47134120,3.4147878,47138302,-999,-1,LocSAT,,-1,2021-10-21 08:57:48
-15.661741,-175.02796,259.82366,1634602582.57514,21246432,21240900,2021292,14,14,0,173,12,-,-999,f,3.4574713,47145579,-999,-1,-999,-1,LocSAT,,-1,2021-10-20 07:50:56
43.029288,13.247031,0,1634561658.99619,21251389,21240007,2021291,27,17,0,381,31,-,-999,g,3.8962225,47134953,2.9904589,47144191,3.3366738,47134957,LocSAT,,-1,2021-10-21 10:12:55
-18.965353,169.61558,0,1634519052.16628,21250947,21236807,2021291,20,8,0,186,14,-,-999,g,4.0810469,47133759,3.2987457,47144147,3.2119069,47133763,LocSAT,,-1,2021-10-21 08:36:03
35.959798,25.571957,0,1634673717.18622,21255692,21244525,2021292,14,13,0,370,30,-,-999,g,3.6657605,47143637,-999,-1,2.9875306,47145553,LocSAT,,-1,2021-10-22 09:31:42
-18.252803,-174.48183,74.710776,1633016276.16573,21164327,21160254,2021273,26,15,0,173,12,-,-999,f,3.9518313,46967229,3.2435013,47005149,-999,-1,LocSAT,,-1,2021-10-01 14:02:15
29.793281,50.404485,23.573867,1633050923.38555,21174873,21162102,2021274,139,69,0,353,29,-,-999,f,4.7063522,46983847,4.1389632,47007896,4.2565512,46983851,LocSAT,,-1,2021-10-04 09:14:48
-14.96672,-173.25748,0,1633148669.70045,21175659,21166572,2021275,115,33,0,169,12,-,-999,g,4.7575602,46994149,5.2650368,47016177,3.0468036,46994154,LocSAT,,-1,2021-10-04 12:16:45
-60.237757,-27.521088,49.152928,1633319652.27792,21189664,21173971,2021277,165,66,0,153,10,-,-999,f,5.4141856,47014338,5.9646218,47026106,4.8440582,47014342,LocSAT,,-1,2021-10-07 10:36:31
37.942134,73.104579,0,1633241990.22463,21186409,21171676,2021276,41,31,0,715,48,-,-999,g,4.0974293,47007724,3.6862037,47017514,3.6749954,47007728,LocSAT,,-1,2021-10-06 15:42:17
-17.463728,-174.39001,71.892649,1633376192.0586,21189913,21177431,2021277,23,11,0,173,12,-,-999,f,3.9380327,47014730,-999,-1,-999,-1,LocSAT,,-1,2021-10-07 11:24:11
35.216839,25.141911,0,1633199468.37141,21180651,21169026,2021275,30,28,0,370,30,-,-999,g,3.943748,46996044,2.9907803,47016201,3.234342,46996866,LocSAT,,-1,2021-10-05 12:51:37
35.13423,25.158914,0,1633271485.92491,21184487,21172091,2021276,18,17,0,370,30,-,-999,g,3.8648537,47003259,-999,-1,3.5900579,47003263,LocSAT,,-1,2021-10-06 08:07:35
35.119947,25.159793,0,1633292331.65739,21184908,21172877,2021276,14,14,0,370,30,-,-999,g,3.570648,47004159,-999,-1,3.0857182,47004163,LocSAT,,-1,2021-10-06 09:36:52
49.739063,155.61618,74.792791,1633525572.45598,21194648,21185890,2021279,90,51,5,221,19,-,-999,d,4.3019814,47024048,3.2818406,47059400,-999,-1,LocSAT,,-1,2021-10-08 09:56:31
-29.896084,-177.08571,0,1633448362.87688,21193852,21181462,2021278,22,15,0,178,12,-,-999,g,3.8540285,47022371,-999,-1,3.3852655,47022375,LocSAT,,-1,2021-10-08 06:38:39
30.143897,67.985674,0,1633557666.72698,21191863,21188370,2021279,171,63,0,710,47,-,-999,g,5.3448284,47046617,5.8332493,47059430,5.557817,47024378,LocSAT,,-1,2021-10-07 19:44:47
39.429138,20.677556,0,1633399550.66332,21189554,21179426,2021278,5,5,0,392,31,-,-999,g,3.7270912,47014073,-999,-1,2.584616,47014077,LocSAT,,-1,2021-10-07 10:04:31
-17.949098,-178.53844,584.68719,1633450088.65514,21193941,21181622,2021278,40,36,0,181,13,-,-999,f,3.8975562,47023810,-999,-1,-999,-1,LocSAT,,-1,2021-10-08 07:01:58
-17.510031,-178.76666,651.97452,1633827574.64495,21217902,21202712,2021283,10,10,0,181,13,-,-999,f,2.5530392,47068402,-999,-1,-999,-1,LocSAT,,-1,2021-10-13 11:42:02
56.596393,-156.72564,42.479356,1633943423.14286,21227218,21207676,2021284,234,81,0,12,1,-,-999,f,6.3824051,47087654,6.3329133,47088263,5.7161528,47087630,LocSAT,,-1,2021-10-15 13:08:38
30.271572,94.691112,0,1633998710.90242,21223626,21211123,2021285,25,21,0,306,26,-,-999,g,4.0274337,47080959,3.6781985,47088535,3.7801615,47080958,LocSAT,,-1,2021-10-14 17:28:41
-7.2331129,130.09525,53.943399,1634122302.64579,21237791,21217858,2021286,79,51,0,281,24,-,-999,f,4.609834,47106521,3.4079727,47110096,5.3174793,47105936,LocSAT,,-1,2021-10-18 07:36:24
-4.2252605,152.87075,31.643054,1634106341.94489,21238857,21218639,2021286,109,55,0,192,15,-,-999,f,4.5901839,47108337,4.3183356,47110078,4.6053687,47108341,LocSAT,,-1,2021-10-18 12:48:52
-23.56069,179.97742,539.34875,1634195958.77463,21239430,21221610,2021287,30,26,0,171,12,-,-999,f,3.1965655,47118739,-999,-1,-999,-1,LocSAT,,-1,2021-10-18 15:03:21
1.1952889,96.901877,0,1634327309.38447,21238945,21228372,2021288,38,25,0,705,46,-,-999,g,4.3387905,47111344,-999,-1,3.9146106,47111346,LocSAT,,-1,2021-10-18 13:14:38
40.940954,42.680335,0,1634424023.15809,21247025,21232911,2021289,12,10,0,366,30,-,-999,g,2.9218374,47125222,1.844414,47128727,3.6476215,47125683,LocSAT,,-1,2021-10-20 11:12:36
-29.765828,-177.57741,0,1634437855.14744,21243433,21233534,2021290,87,43,0,178,12,-,-999,g,4.7993647,47120261,3.9661675,47138254,4.2505148,47120265,LocSAT,,-1,2021-10-19 15:00:58
-19.321765,-178.14246,591.56131,1634263376.26853,21243097,21226009,2021288,6,6,0,181,13,-,-999,f,3.3531066,47117063,-999,-1,-999,-1,LocSAT,,-1,2021-10-19 13:35:13
-48.482844,164.87673,0,1634422511.13924,21242050,21233320,2021289,62,28,0,161,11,-,-999,g,4.3277065,47118360,3.8168538,47128725,4.4219613,47118370,LocSAT,,-1,2021-10-19 08:20:27
-4.5725897,152.97683,0,1634447923.55452,21244208,21233939,2021290,56,33,0,192,15,-,-999,g,4.4966448,47120284,3.290944,47138270,-999,47120286,LocSAT,,-1,2021-10-19 18:50:25
-42.233978,-71.641149,164.27388,1634367866.79819,21246546,21230444,2021289,31,28,0,145,9,-,-999,f,3.8740682,47124151,-999,-1,-999,-1,LocSAT,,-1,2021-10-20 08:19:17
-18.250064,-178.17218,581.44976,1633650380.08097,21207851,21192803,2021280,22,21,0,181,13,-,-999,f,3.4378581,47047812,-999,-1,-999,-1,LocSAT,,-1,2021-10-11 10:23:18
35.308968,27.874651,0,1634761538.63174,21266714,21248844,2021293,12,11,0,369,30,-,-999,g,3.4377117,47163209,2.4088399,47165772,3.2004454,47163468,LocSAT,,-1,2021-10-25 09:26:06
27.637432,58.451629,0,1634796308.84872,21266614,21250544,2021294,65,33,0,353,29,-,-999,g,4.3039484,47163848,3.4837233,47179920,4.6048424,47162997,LocSAT,,-1,2021-10-25 08:44:40
-25.270677,179.5753,498.88771,1634803844.07013,21267448,21251046,2021294,193,126,28,171,12,-,-999,d,5.0976701,47164663,-999,-1,-999,-1,LocSAT,,-1,2021-10-25 14:23:03
21.80986,144.50443,75.012322,1634700511.64981,21266384,21245828,2021293,93,51,0,215,18,-,-999,f,4.5292494,47162570,3.5145069,47165740,-999,-1,LocSAT,,-1,2021-10-25 07:25:26
44.056983,148.06543,41.302003,1635583638.62013,21305720,21286035,2021303,46,31,0,221,19,-,-999,f,3.9148232,47238601,2.9357903,47250562,3.3500324,47238605,LocSAT,,-1,2021-11-03 13:51:30
35.281384,25.177713,0,1635557888.49464,21297096,21285474,2021303,34,26,0,370,30,-,-999,g,4.1357117,47221987,2.9251942,47250532,3.4027206,47250512,LocSAT,,-1,2021-11-01 20:54:36
-20.555843,-177.85239,470.01377,1635508660.91278,21301058,21282653,2021302,26,25,0,181,13,-,-999,f,3.1306977,47229417,-999,-1,-999,-1,LocSAT,,-1,2021-11-02 16:06:25
-16.938622,176.57801,0,1635572358.3308,21300553,21285598,2021303,55,15,0,181,13,-,-999,g,4.0714582,47228338,3.513515,47250542,3.2169216,47228342,LocSAT,,-1,2021-11-02 13:38:41
-51.302783,138.18229,0,1635575943.40876,21301061,21285724,2021303,28,11,0,437,33,-,-999,g,4.0618363,47229425,3.3529101,47250550,3.7753735,47229429,LocSAT,,-1,2021-11-02 16:12:41
36.70025,-104.81791,0,1635736155.08989,21310336,21293316,2021305,38,33,0,496,34,-,-999,g,4.2737719,47248430,3.5439821,47259003,3.8114874,47249955,LocSAT,,-1,2021-11-04 11:40:31
-22.824906,-175.31087,84.469613,1635738313.49148,21310908,21294463,2021305,41,28,0,174,12,-,-999,f,4.1071417,47249957,3.9874506,47259007,-999,-1,LocSAT,,-1,2021-11-04 14:26:20
36.444385,140.62975,68.543289,1635714888.35619,21310907,21292312,2021304,179,69,0,228,19,-,-999,f,5.0272376,47249728,4.1844762,47251704,-999,-1,LocSAT,,-1,2021-11-04 14:26:07
0.19144866,96.60476,0,1635791878.01018,21305234,21297396,2021305,33,29,0,705,46,-,-999,g,4.2802952,47242141,3.4106698,47259069,4.1999099,47242149,LocSAT,,-1,2021-11-03 11:38:11
85.570922,86.493506,0,1635747941.0671,21311104,21293951,2021305,60,22,0,651,40,-,-999,g,3.7255282,47250224,3.4528089,47259021,3.7137089,47250228,LocSAT,,-1,2021-11-04 15:09:45
40.203646,77.340687,0,1635774518.60169,21301318,21296334,2021305,36,22,0,320,27,-,-999,g,3.7646679,47241629,3.4033978,47259049,3.2642956,47241632,LocSAT,,-1,2021-11-02 17:23:04
0.14920546,96.524583,0,1635883017.15972,21314281,21303048,2021306,44,22,0,705,46,-,-999,g,4.1088432,47256772,3.3926906,47259793,3.6084193,47256778,LocSAT,,-1,2021-11-05 09:46:35
-62.375862,155.82738,0,1635872446.48029,21309715,21301382,2021306,75,27,0,702,45,-,-999,g,4.6572004,47247825,4.9931871,47259787,3.8820486,47247828,LocSAT,,-1,2021-11-04 09:09:20
-12.071186,65.63014,0,1635886505.093,21309800,21303248,2021306,125,44,0,429,33,-,-999,g,4.6301329,47246919,4.678276,47259801,4.825025,47246923,LocSAT,,-1,2021-11-04 09:32:21
35.109594,23.154602,0,1635277523.48015,21278786,21271982,2021299,24,17,0,370,30,-,-999,g,3.9725644,47196412,2.7495893,47197001,3.3224469,47187426,LocSAT,,-1,2021-10-28 13:17:42
52.65234,158.74971,89.476742,1635296225.18701,21281997,21272715,2021300,26,14,0,218,19,-,-999,f,3.3335603,47193797,2.8423029,47225807,-999,-1,LocSAT,,-1,2021-10-29 09:52:00
-18.274842,-177.93056,617.15735,1635136009.20139,21275270,21266090,2021298,25,23,0,181,13,-,-999,f,3.3156528,47180458,-999,-1,-999,-1,LocSAT,,-1,2021-10-27 15:55:44
26.389543,140.61363,511.24945,1635226702.13551,21279947,21269714,2021299,62,56,0,212,18,-,-999,f,3.8973036,47196442,-999,-1,-999,-1,LocSAT,,-1,2021-10-28 20:31:33
54.037136,158.59774,175.486,1634545472.28317,21252734,21239265,2021291,130,104,12,217,19,-,-999,d,5.218264,47137753,4.3024434,47144175,-999,-1,LocSAT,,-1,2021-10-21 15:30:08
-19.874154,-178.2044,439.82271,1634604300.77559,21255344,21240975,2021292,7,7,0,181,13,-,-999,f,3.4561205,47142875,-999,-1,-999,-1,LocSAT,,-1,2021-10-22 07:40:13
79.548808,4.2264157,0,1634503020.35079,21244512,21236617,2021290,104,42,0,640,40,-,-999,g,4.2052642,47133922,3.7248813,47138336,3.4621106,47133942,LocSAT,,-1,2021-10-19 20:18:11
29.891981,50.550088,0,1633055599.70979,21175977,21162314,2021274,68,41,0,353,29,-,-999,g,4.1838797,46986422,3.5340811,47007900,3.8459705,46986426,LocSAT,,-1,2021-10-04 13:38:05
-20.663168,169.3031,0,1633124815.94004,21179771,21165585,2021274,47,26,0,186,14,-,-999,g,4.2103922,46993550,3.6728776,47007964,4.0497028,46993554,LocSAT,,-1,2021-10-05 09:06:06
8.4191849,93.858557,0,1633260447.84513,21184915,21171654,2021276,20,9,0,704,46,-,-999,g,3.5301604,47004166,3.3482817,47017540,3.9068776,47004170,LocSAT,,-1,2021-10-06 09:37:52
22.680948,-45.116271,0,1633190258.94108,21180830,21168655,2021275,68,24,0,403,32,-,-999,g,4.2078837,46996472,3.8341479,47016195,-999,-1,LocSAT,,-1,2021-10-05 13:26:38
-29.88098,-177.5551,0,1633329248.88301,21189291,21174400,2021277,136,48,0,178,12,-,-999,g,4.828511,47026024,5.2560433,47026114,4.0280489,47013252,LocSAT,,-1,2021-10-07 08:56:46
37.518998,137.15328,0,1633227056.60906,21185071,21170320,2021276,28,24,0,226,19,-,-999,g,3.8615497,47004735,3.3724301,47017500,3.4301537,47004546,LocSAT,,-1,2021-10-06 10:17:09
32.616579,93.032843,0,1633321771.57564,21189420,21174017,2021277,15,15,0,306,26,-,-999,g,3.7634491,47013522,-999,-1,3.3800404,47013526,LocSAT,,-1,2021-10-07 09:32:31
24.702663,122.25213,54.182822,1633327676.82556,21189211,21175551,2021277,73,31,4,243,21,-,-999,d,4.0761301,47026062,4.4322765,47026112,-999,-1,LocSAT,,-1,2021-10-07 08:42:35
-15.369387,-173.38958,0,1633535655.26499,21207579,21186531,2021279,127,46,0,173,12,-,-999,g,5.1929612,47047187,4.4769866,47059410,5.2356782,47047191,LocSAT,,-1,2021-10-11 08:57:14
46.758179,153.572,0,1633578924.65149,21207372,21188432,2021280,45,27,0,221,19,-,-999,g,4.019373,47046724,3.4502333,47061546,3.6485758,47046728,LocSAT,,-1,2021-10-11 07:53:27
-39.072694,174.75016,224.11242,1633565360.78967,21195588,21187826,2021280,33,29,0,159,11,-,-999,f,4.0815406,47026282,-999,-1,-999,-1,LocSAT,,-1,2021-10-08 14:05:41
53.832129,-163.41426,0,1633474756.94577,21189014,21183898,2021278,30,19,0,10,1,-,-999,g,3.9170894,47013765,3.4791218,47027122,3.2001395,47013766,LocSAT,,-1,2021-10-07 07:37:26
-20.086718,-178.64936,618.83637,1633602039.13053,21212102,21189729,2021280,16,14,0,181,13,-,-999,f,3.0608118,47055754,-999,-1,-999,-1,LocSAT,,-1,2021-10-12 07:15:21
30.087425,68.039381,0,1633564855.23698,21194095,21187832,2021280,26,26,0,710,47,-,-999,g,4.1719774,47023346,-999,-1,-999,47023353,LocSAT,,-1,2021-10-08 07:40:44
0.017900881,-18.480391,0,1633817075.41189,21218381,21202216,2021282,43,14,0,406,32,-,-999,g,3.9952459,47069590,3.4845564,47079425,4.4640052,47069594,LocSAT,,-1,2021-10-13 14:19:59
-7.0276544,155.89797,97.823452,1633938312.7186,21222373,21208558,2021284,59,35,0,193,15,-,-999,f,4.1476093,47077688,3.3498843,47088257,-999,-1,LocSAT,,-1,2021-10-14 10:56:50
-4.8309673,152.5026,118.83101,1633961499.9781,21218382,21208818,2021284,23,21,0,192,15,-,-999,f,3.7228966,47069664,3.2603087,47088273,-999,-1,LocSAT,,-1,2021-10-13 14:22:08
32.126661,59.099763,0,1633811858.3099,21218761,21202002,2021282,30,28,0,348,29,-,-999,g,3.8203722,47070742,3.8272315,47079419,3.825051,47070746,LocSAT,,-1,2021-10-13 15:32:04
56.405086,-156.97703,0,1633981217.05152,21217806,21210169,2021284,56,37,0,12,1,-,-999,g,4.6115096,47069126,3.2421083,47088301,4.6262797,47069132,LocSAT,,-1,2021-10-13 11:16:30
51.579983,-174.3314,0,1633976742.66051,21222952,21209950,2021284,108,47,0,7,1,-,-999,g,4.4809876,47078890,4.0059202,47088291,4.1202047,47078894,LocSAT,,-1,2021-10-14 13:38:20
-24.278297,-179.79732,515.05364,1634192521.74067,21239281,21221481,2021287,59,49,3,171,12,-,-999,d,3.9480827,47118665,-999,-1,-999,-1,LocSAT,,-1,2021-10-18 14:23:43
36.070797,21.782479,33.802501,1634149374.4785,21238227,21219463,2021286,75,42,0,368,30,-,-999,f,4.1690631,47106776,3.5355138,47110130,4.0310259,47109981,LocSAT,,-1,2021-10-18 09:38:40
-50.272683,-72.182682,0,1634111729.27244,21223029,21218726,2021286,115,55,0,145,9,-,-999,g,5.2391023,47081143,4.9933686,47110084,5.1478668,47081145,LocSAT,,-1,2021-10-14 14:10:20
35.018357,26.31289,0,1634340340.36816,21243518,21229693,2021288,59,41,0,370,30,-,-999,g,4.1907644,47117923,3.1523079,47128359,3.7763716,47117933,LocSAT,,-1,2021-10-19 15:19:30
-19.878493,-177.86521,397.93952,1634318053.08741,21242009,21228043,2021288,32,30,0,181,13,-,-999,f,3.806543,47114519,-999,-1,-999,-1,LocSAT,,-1,2021-10-19 08:14:43
29.58314,130.60885,0,1634437923.72912,21243382,21234289,2021290,121,42,0,238,20,-,-999,g,4.4814625,47120262,4.3885759,47138256,3.7087717,47120266,LocSAT,,-1,2021-10-19 14:51:20
-19.048436,-177.82126,543.7696,1633687787.16341,21212727,21194837,2021281,4,4,0,181,13,-,-999,f,2.93014,47057121,-999,-1,-999,-1,LocSAT,,-1,2021-10-12 09:48:10
-21.649696,169.41347,0,1633634257.52434,21212172,21191868,2021280,35,23,0,189,14,-,-999,g,4.1790141,47055931,3.6205994,47061602,3.8079553,47055935,LocSAT,,-1,2021-10-12 07:33:40
0.037769101,-17.788143,0,1633677210.2612,21207581,21195288,2021281,73,19,0,407,32,-,-999,g,3.9598523,47050132,3.820443,47070276,5.2727625,47050143,LocSAT,,-1,2021-10-11 08:59:08
-17.342757,179.02556,624.96096,1633673658.07855,21208322,21208322,2021281,7,7,0,182,13,-,-999,f,2.9802055,47050125,-999,-1,-999,-1,LocSAT,,-1,2021-10-11 12:55:33
-17.781183,-178.44452,640.96289,1633794318.05737,21217481,21200969,2021282,36,33,0,181,13,-,-999,f,3.3393917,47067492,-999,-1,-999,-1,LocSAT,,-1,2021-10-13 09:58:20
-58.818456,158.44257,0,1633637579.57244,21212222,21192051,2021280,128,55,0,167,11,-,-999,g,5.2074991,47056068,5.5342849,47061606,4.2360048,47056072,LocSAT,,-1,2021-10-12 07:48:30
-35.472671,140.83335,0,1633711645.99308,21212734,21197272,2021281,59,35,0,600,38,-,-999,g,4.6406095,47057263,3.6620157,47070330,4.8616711,47067634,LocSAT,,-1,2021-10-12 09:53:23
51.475906,16.221143,0,1634781806.95842,21266665,21257195,2021294,6,6,0,548,36,-,-999,g,-999,-1,-999,-1,2.0756077,47163087,LocSAT,,-1,2021-10-25 09:07:37
35.172635,25.180286,0,1634809116.62254,21267536,21251418,2021294,49,44,0,370,30,-,-999,g,4.3121384,47164892,3.6766827,47179932,3.9483645,47164933,LocSAT,,-1,2021-10-25 15:04:19
46.433595,13.041919,0,1634776133.86403,21266558,21250447,2021294,16,13,0,546,36,-,-999,g,3.4820748,47162667,2.4131287,47179906,2.8658082,47179882,LocSAT,,-1,2021-10-25 08:26:53
39.996131,19.792496,0,1635061645.52672,21279170,21262854,2021297,14,13,0,392,31,-,-999,g,3.4841861,47187350,3.41907,47195933,3.302698,47195868,LocSAT,,-1,2021-10-28 15:00:38
10.159654,41.356235,0,1635085581.28418,21281926,21263884,2021297,51,12,0,558,37,-,-999,g,3.7798552,47193591,3.7398727,47195953,4.2157937,47193595,LocSAT,,-1,2021-10-29 09:33:48
28.693511,138.24552,527.31703,1635124008.73601,21274307,21265635,2021298,53,50,0,212,18,-,-999,f,3.9106428,47196226,-999,-1,-999,-1,LocSAT,,-1,2021-10-27 11:02:20
41.202847,44.059045,0,1635095085.58523,21275112,21265291,2021297,42,26,0,362,30,-,-999,g,3.7097994,47179089,3.2778834,47195963,3.817145,47179096,LocSAT,,-1,2021-10-27 14:57:40
67.721971,-65.961619,0,1635515334.91136,21299329,21282976,2021302,106,47,0,682,42,-,-999,g,4.3229721,47225560,3.7624147,47240207,4.4383743,47225564,LocSAT,,-1,2021-11-02 08:11:11
-14.993351,-73.929555,88.401001,1635537328.50168,21295624,21283900,2021302,85,60,0,116,8,-,-999,f,4.8539487,47221242,4.4812025,47240229,-999,-1,LocSAT,,-1,2021-11-01 14:05:02
-22.648966,-175.15901,0,1635400989.39178,21296143,21277553,2021301,75,38,0,174,12,-,-999,g,4.6255321,47219294,4.0510458,47239594,4.2869751,47219298,LocSAT,,-1,2021-11-01 16:19:05
14.63835,55.002637,0,1635469591.96136,21296377,21280706,2021302,49,16,0,417,33,-,-999,g,3.863977,47220333,3.330143,47240157,-999,-1,LocSAT,,-1,2021-11-01 17:29:43
41.828061,20.414385,66.837018,1635487505.90926,21292700,21281952,2021302,8,8,0,391,31,-,-999,f,3.0936004,47219851,-999,-1,3.1695627,47219864,LocSAT,,-1,2021-11-01 00:05:18
-21.544328,169.01176,0,1635724843.89022,21300554,21293411,2021305,53,42,0,189,14,-,-999,g,4.8832714,47236921,4.2941763,47258981,4.1522595,47248436,LocSAT,,-1,2021-11-02 13:39:55
-20.022428,-178.22462,515.37896,1635634154.05513,21305850,21288706,2021303,14,13,0,181,13,-,-999,f,3.251705,47238925,-999,-1,-999,-1,LocSAT,,-1,2021-11-03 14:17:51
46.340824,143.77019,342.46863,1635709910.33706,21301718,21292088,2021304,35,35,0,662,41,-,-999,f,3.4364723,47231020,-999,-1,-999,-1,LocSAT,,-1,2021-11-02 19:17:09
-17.925718,-178.60335,595.41366,1635724071.34688,21310482,21292768,2021304,35,33,0,181,13,-,-999,f,3.5365884,47251578,-999,-1,-999,-1,LocSAT,,-1,2021-11-04 12:35:55
-6.8478575,130.49981,100.80164,1635871433.36325,21314279,21301268,2021306,163,84,0,280,24,-,-999,f,5.7187036,47256818,4.7434277,47259785,-999,-1,LocSAT,,-1,2021-11-05 09:45:42
26.60475,96.807824,0,1635859769.69802,21314146,21300669,2021306,48,34,0,296,25,-,-999,g,4.3244992,47256469,3.4790385,47259765,4.2234213,47256473,LocSAT,,-1,2021-11-05 09:03:37
0.17926706,96.51483,0,1635847446.07774,21313963,21299836,2021306,112,38,0,705,46,-,-999,g,4.4751248,47256040,3.7221097,47259753,4.1327044,47256044,LocSAT,,-1,2021-11-05 07:43:19
-30.339637,-179.07432,163.34205,1635260352.23256,21282723,21271287,2021299,24,19,0,177,12,-,-999,f,3.9053065,47195496,-999,-1,-999,-1,LocSAT,,-1,2021-10-29 12:49:12
33.102822,76.651729,0,1635208326.81849,21282164,21269008,2021299,43,33,0,303,26,-,-999,g,4.3065749,47194200,3.4833577,47196929,3.8695004,47194204,LocSAT,,-1,2021-10-29 10:25:55
30.273477,68.029481,0,1634507791.8461,21251014,21236842,2021290,20,16,0,710,47,-,-999,g,3.9028316,47133884,3.1318397,47138340,3.9145754,47133888,LocSAT,,-1,2021-10-21 08:48:46
-5.4280571,146.94853,213.27938,1634573934.29492,21251605,21239745,2021291,32,30,0,207,16,-,-999,f,3.6241008,47135405,3.2129,47144201,-999,-1,LocSAT,,-1,2021-10-21 10:59:01
51.051474,156.19452,163.66754,1634601822.34129,21252571,21240847,2021292,20,12,0,217,19,-,-999,f,3.2899945,47137382,3.4221197,47145739,-999,-1,LocSAT,,-1,2021-10-21 14:54:09
-18.51286,-178.01501,514.29321,1634475550.16323,21248017,21234978,2021290,28,23,0,181,13,-,-999,f,3.1580077,47127753,-999,-1,-999,-1,LocSAT,,-1,2021-10-20 15:57:51
38.24162,141.74505,70.693972,1634522482.32678,21251011,21236974,2021291,43,28,0,228,19,-,-999,f,3.7881784,47133845,3.0441937,47144149,-999,-1,LocSAT,,-1,2021-10-21 08:45:51
49.166401,155.9695,55.938337,1634483825.1388,21250934,21235676,2021290,58,36,0,221,19,-,-999,f,3.8080332,47133640,3.2664915,47138300,4.5193898,47138186,LocSAT,,-1,2021-10-21 08:28:33
-25.532121,179.85621,463.0546,1634538253.45342,21252562,21238730,2021291,73,63,6,171,12,-,-999,d,4.2229025,47137336,-999,-1,-999,-1,LocSAT,,-1,2021-10-21 14:41:35
63.410964,158.41293,0,1634618920.03161,21255577,21241498,2021292,35,33,0,671,42,-,-999,g,3.9963107,47143340,3.0532673,47145755,5.0264849,47145551,LocSAT,,-1,2021-10-22 08:44:15
41.737675,19.752182,0,1634501606.16439,21242617,21236032,2021290,83,56,0,391,31,-,-999,g,4.500285,47123637,3.7459184,47138334,3.9369789,47133941,LocSAT,,-1,2021-10-19 11:16:28
-17.943474,-178.54001,611.99786,1632968630.56158,21174691,21157622,2021273,14,14,0,181,13,-,-999,f,2.7891747,46983333,-999,-1,-999,-1,LocSAT,,-1,2021-10-04 08:22:16
18.906856,122.26606,88.737626,1632991634.43571,21172406,21159896,2021273,51,30,0,249,22,-,-999,f,4.1043566,46979362,3.5689706,47005127,-999,-1,LocSAT,,-1,2021-10-03 16:59:34
-7.5033548,127.74833,157.53957,1633095762.5072,21179610,21164339,2021274,49,43,0,280,24,-,-999,f,4.1026106,46993412,3.2680798,47007940,-999,-1,LocSAT,,-1,2021-10-05 08:25:27
-7.1242618,154.85013,0,1633136065.54452,21180087,21166483,2021275,58,27,0,193,15,-,-999,g,4.381862,46994498,3.9916676,47016157,4.1002883,46994502,LocSAT,,-1,2021-10-05 10:26:53
35.133805,25.190721,0,1633102485.84569,21179685,21164636,2021274,27,22,0,370,30,-,-999,g,3.9298706,46993391,2.9440132,47007948,3.514603,46993395,LocSAT,,-1,2021-10-05 08:52:16
-23.689566,179.87442,531.11652,1633014748.59636,21164961,21160236,2021273,27,21,0,171,12,-,-999,f,3.6880127,46967228,-999,-1,-999,-1,LocSAT,,-1,2021-10-01 18:09:57
35.107862,25.161551,0,1633012815.08221,21164960,21160046,2021273,18,15,0,370,30,-,-999,g,3.7855559,46967224,2.6357266,47005147,2.9057388,47004931,LocSAT,,-1,2021-10-01 18:06:46
-15.049694,-173.42241,0,1633151741.19931,21176642,21166660,2021275,26,12,0,173,12,-,-999,g,3.9054023,46994158,3.9532792,47016179,-999,46994161,LocSAT,,-1,2021-10-04 16:28:37
-15.469699,-173.08032,0,1633159220.76364,21179271,21167043,2021275,9,7,0,173,12,-,-999,g,3.8127223,46994168,-999,-1,-999,46994174,LocSAT,,-1,2021-10-05 06:47:21
51.43586,16.126096,0,1633207806.0492,21181062,21169424,2021275,7,7,0,548,36,-,-999,g,-999,-1,-999,-1,2.0362592,46997022,LocSAT,,-1,2021-10-05 14:28:28
-21.264521,174.53958,532.17315,1633160308.80043,21179386,21167137,2021275,17,17,0,185,14,-,-999,f,3.2226935,46994169,-999,-1,-999,-1,LocSAT,,-1,2021-10-05 07:26:32
30.311182,94.79178,0,1633476473.74509,21188901,21183074,2021278,19,17,0,306,26,-,-999,g,4.080278,47013770,2.9044977,47027126,3.6784021,47013774,LocSAT,,-1,2021-10-07 07:10:47
-6.9383138,154.73976,0,1633510598.86619,21195507,21184846,2021279,18,16,0,193,15,-,-999,g,4.0176178,47025882,3.1566836,47059384,3.5920853,47025886,LocSAT,,-1,2021-10-08 13:54:00
52.713413,159.51023,66.68827,1633530639.385,21194018,21186748,2021279,73,41,0,219,19,-,-999,f,4.04242,47022822,3.4583388,47059406,-999,-1,LocSAT,,-1,2021-10-08 07:18:08
44.501566,146.85013,0,1633488928.60202,21194414,21183712,2021279,33,23,0,221,19,-,-999,g,4.129711,47023603,2.5805284,47059362,4.2234872,47023607,LocSAT,,-1,2021-10-08 09:04:28
-30.899999,-179.9507,353.87297,1633482052.89578,21194180,21183364,2021279,38,33,0,177,12,-,-999,f,3.7525791,47023041,-999,-1,-999,-1,LocSAT,,-1,2021-10-08 08:03:05
31.319706,131.22894,39.620929,1633507975.23521,21195420,21185997,2021279,195,89,8,235,20,-,-999,d,5.0834856,47046585,4.7410526,47059382,4.1589985,47046579,LocSAT,,-1,2021-10-08 13:28:27
-18.164295,-177.77638,410.02453,1633566323.73741,21195593,21187936,2021280,8,8,0,181,13,-,-999,f,2.8829152,47026297,-999,-1,-999,-1,LocSAT,,-1,2021-10-08 14:07:37
30.051011,67.97525,0,1633878159.09791,21221732,21205148,2021283,34,22,0,710,47,-,-999,g,3.9007286,47076301,3.2931617,47080187,-999,-1,LocSAT,,-1,2021-10-14 08:32:22
70.929244,-6.650995,0,1633841527.80604,21214045,21203411,2021283,29,11,0,639,40,-,-999,g,3.413911,47062414,3.2879007,47080145,2.9923109,47077921,LocSAT,,-1,2021-10-12 14:42:14
34.253223,25.948111,0,1633956635.72943,21226025,21209827,2021284,48,46,0,370,30,-,-999,g,4.3908707,47085587,-999,-1,4.3999861,47085596,LocSAT,,-1,2021-10-15 07:43:52
56.453107,-156.89913,0,1633974977.09518,21222798,21210407,2021284,22,19,0,12,1,-,-999,g,3.9181069,47078595,-999,-1,3.520491,47078599,LocSAT,,-1,2021-10-14 13:00:20
-20.271062,169.16043,81.764139,1634011192.14631,21226313,21211657,2021285,20,15,0,186,14,-,-999,f,4.1926277,47086022,2.9522876,47088553,-999,-1,LocSAT,,-1,2021-10-15 08:48:21
-14.233323,167.24191,224.1864,1634163960.79559,21226094,21220238,2021286,37,37,0,186,14,-,-999,f,3.9062746,47085601,-999,-1,-999,-1,LocSAT,,-1,2021-10-15 07:59:59
33.561287,91.673888,0,1634169858.07267,21222817,21220952,2021287,68,21,0,325,27,-,-999,g,3.9684527,47107587,3.6755783,47118762,3.4825549,47107586,LocSAT,,-1,2021-10-14 13:12:52
47.110685,153.79517,0,1634047567.55593,21217388,21215124,2021285,29,19,0,221,19,-,-999,g,3.9004329,47069434,3.2271127,47088585,2.9905797,47069440,LocSAT,,-1,2021-10-13 09:34:31
-24.27962,179.90877,507.12331,1634060824.31084,21226682,21214792,2021285,41,37,0,171,12,-,-999,f,3.7388576,47087885,-999,-1,-999,-1,LocSAT,,-1,2021-10-15 10:17:13
35.090037,23.884217,0,1634427069.07455,21242834,21242832,2021289,14,14,0,370,30,-,-999,g,3.7104719,47118378,-999,-1,3.1207975,47118384,LocSAT,,-1,2021-10-19 12:03:59
-16.081877,-173.86245,75.497899,1634339664.58522,21243447,21229129,2021288,28,19,0,173,12,-,-999,f,3.7726509,47117760,2.7680613,47128355,-999,-1,LocSAT,,-1,2021-10-19 15:10:05
10.031835,41.371829,0,1634319743.95431,21242229,21228085,2021288,64,19,0,558,37,-,-999,g,4.0311726,47114869,3.7791869,47128321,4.3489431,47114873,LocSAT,,-1,2021-10-19 09:20:10
26.700326,96.438206,91.89141,1634414753.84748,21246618,21232487,2021289,15,12,0,296,25,-,-999,f,3.291667,47124313,3.2763316,47128713,-999,-1,LocSAT,,-1,2021-10-20 08:38:18
-19.299412,169.72473,0,1634416227.54906,21246745,21232534,2021289,18,12,0,186,14,-,-999,g,4.0044561,47124579,3.4086329,47128717,3.2978095,47124583,LocSAT,,-1,2021-10-20 09:30:06
16.343638,-7.4561873,0,1634252791.1465,21242242,21224641,2021287,13,13,0,550,37,-,-999,g,3.8127386,47114908,-999,-1,3.7960863,47114912,LocSAT,,-1,2021-10-19 09:32:44
-8.5287626,32.115317,0,1634276968.49151,21238970,21225736,2021288,31,17,0,573,37,-,-999,g,4.1185106,47128256,3.9233242,47128281,2.5001173,47128261,LocSAT,,-1,2021-10-18 13:16:43
50.009137,149.84625,445.36503,1633763967.47197,21217974,21199001,2021282,171,132,14,663,41,-,-999,d,4.7074687,47068586,-999,-1,-999,-1,LocSAT,,-1,2021-10-13 12:11:19
-4.5330326,153.4426,54.159492,1633775952.45298,21218380,21200931,2021282,77,65,0,190,15,-,-999,f,4.6600727,47077894,3.5611095,47079379,-999,-1,LocSAT,,-1,2021-10-13 14:19:53
-55.658339,-26.410485,12.360249,1633629375.49425,21208686,21192594,2021280,94,49,0,153,10,-,-999,f,5.0463828,47058574,4.6037278,47061592,4.9257707,47049282,LocSAT,,-1,2021-10-11 14:15:52
35.474786,27.658114,0,1634777421.5901,21266562,21249660,2021294,18,16,0,369,30,-,-999,g,3.5789384,47162726,2.8769142,47179908,3.2479801,47179883,LocSAT,,-1,2021-10-25 08:31:34
-20.163269,-177.6316,519.05808,1634706279.43681,21255843,21246078,2021293,17,16,0,181,13,-,-999,f,3.3291301,47143997,-999,-1,-999,-1,LocSAT,,-1,2021-10-22 10:07:24
-38.907746,174.97351,228.80666,1634853499.449,21267538,21254676,2021294,93,65,12,159,11,-,-999,d,4.8130109,47164904,-999,-1,-999,-1,LocSAT,,-1,2021-10-25 15:06:56
35.362313,-3.7518266,0,1634694390.17349,21255761,21246359,2021293,8,8,0,385,31,-,-999,g,3.7457006,47143830,-999,-1,3.158822,47143834,LocSAT,,-1,2021-10-22 09:49:09
-17.567755,-178.54815,581.92051,1635050413.09259,21277945,21262363,2021297,18,18,0,181,13,-,-999,f,3.2868636,47184973,-999,-1,-999,-1,LocSAT,,-1,2021-10-28 09:34:07
-4.7046119,101.98518,0,1635032059.12092,21278959,21261563,2021296,81,45,0,274,24,-,-999,g,4.5816512,47186810,3.6519885,47188355,4.411145,47186814,LocSAT,,-1,2021-10-28 14:15:43
-17.516785,-178.82291,609.34079,1635123868.40017,21273890,21265673,2021298,13,13,0,181,13,-,-999,f,3.7126736,47180434,-999,-1,-999,-1,LocSAT,,-1,2021-10-27 08:37:59
51.653399,178.87837,62.114828,1634958603.71604,21271185,21258436,2021296,101,60,0,6,1,-,-999,f,4.5092692,47188234,3.8863702,47188287,-999,-1,LocSAT,,-1,2021-10-26 14:50:42
-29.392683,-176.16208,0,1635536550.40716,21295476,21283898,2021302,81,52,0,177,12,-,-999,g,5.2249462,47221241,-999,-1,4.6519832,47221245,LocSAT,,-1,2021-11-01 13:33:50
34.586243,32.846089,0,1635390494.98747,21295379,21277167,2021301,10,9,0,372,30,-,-999,g,3.1580164,47217891,2.3203171,47239582,3.3712579,47229244,LocSAT,,-1,2021-11-01 13:15:54
35.961336,139.79304,62.223922,1635382530.13345,21295206,21277532,2021301,94,42,0,230,19,-,-999,f,4.0565189,47217547,3.376005,47239576,-999,-1,LocSAT,,-1,2021-11-01 12:20:02
-19.006395,169.22848,220.83353,1635552806.86335,21296964,21284782,2021303,13,13,0,186,14,-,-999,f,3.7713909,47221981,-999,-1,-999,-1,LocSAT,,-1,2021-11-01 20:11:16
54.63252,162.68081,0,1635733136.07371,21310148,21293213,2021305,22,17,0,218,19,-,-999,g,3.9811813,47247908,3.6429413,47258993,2.7614489,47247912,LocSAT,,-1,2021-11-04 10:49:16
35.154511,25.129459,0,1635709194.83074,21301654,21292563,2021304,14,13,0,370,30,-,-999,g,4.0483553,47231019,-999,-1,3.5533484,47231027,LocSAT,,-1,2021-11-02 19:09:35
35.250227,25.186929,0,1635712805.36622,21306630,21292231,2021304,29,26,0,370,30,-,-999,g,4.0586609,47240869,3.5321992,47251702,3.5549598,47240873,LocSAT,,-1,2021-11-03 17:48:48
-22.650923,171.56784,0,1635820085.19247,21311657,21298835,2021306,142,54,0,189,14,-,-999,g,5.0768879,47251786,5.0526478,47259711,4.7329324,47251790,LocSAT,,-1,2021-11-04 17:40:45
54.577744,161.16771,0,1635816346.84405,21311545,21298119,2021306,40,26,0,218,19,-,-999,g,4.0338236,47251339,3.2282435,47259707,4.5315271,47251343,LocSAT,,-1,2021-11-04 16:59:42
57.829441,153.09543,0,1635302549.89559,21294421,21272968,2021300,142,56,0,663,41,-,-999,g,4.7548728,47220584,4.348632,47225813,3.8886274,47220577,LocSAT,,-1,2021-11-01 09:10:30
0.51742526,123.50697,264.35413,1635129048.51309,21275178,21266530,2021298,75,67,0,265,23,-,-999,f,4.4392755,47180446,-999,-1,-999,-1,LocSAT,,-1,2021-10-27 15:16:48
55.839987,113.54034,0,1634493047.85722,21251614,21236574,2021290,55,44,0,328,28,-,-999,g,3.9964959,47135438,3.9490197,47138320,3.9616058,47138091,LocSAT,,-1,2021-10-21 11:08:50
28.611604,87.338327,0,1634553131.93495,21244514,21239236,2021291,44,31,0,306,26,-,-999,g,4.2680257,47126012,3.4983064,47144183,4.1164616,47126014,LocSAT,,-1,2021-10-19 20:22:12
41.497502,142.75945,66.539846,1634647001.67734,21248395,21244113,2021292,164,62,0,224,19,-,-999,f,4.868353,47129442,4.6225937,47145779,-999,-1,LocSAT,,-1,2021-10-20 18:09:11
-13.737092,166.9146,110.45987,1634542012.85573,21252727,21237909,2021291,191,86,0,186,14,-,-999,f,5.2888402,47137748,5.2424025,47144167,-999,-1,LocSAT,,-1,2021-10-21 15:20:44
18.461236,121.31155,113.17656,1633092506.82638,21179536,21164146,2021274,79,38,0,249,22,-,-999,f,3.9458999,46993402,3.4203469,47007932,-999,-1,LocSAT,,-1,2021-10-05 08:11:46
52.17642,-171.21642,32.904,1633047879.24699,21174597,21161953,2021274,52,38,0,9,1,-,-999,f,4.2381705,46983841,3.7273179,47007892,3.6751764,46983846,LocSAT,,-1,2021-10-04 08:01:08
37.606133,29.770313,0,1633096403.34179,21179612,21164835,2021274,10,10,0,366,30,-,-999,g,3.3932501,46993182,-999,-1,3.446522,46993401,LocSAT,,-1,2021-10-05 08:28:04
36.474426,71.013025,218.33479,1633007052.92857,21175032,21159564,2021273,75,65,9,717,48,-,-999,d,4.1679713,46984760,-999,-1,-999,-1,LocSAT,,-1,2021-10-04 09:44:54
30.265547,94.792693,0,1633093316.86481,21179540,21164206,2021274,32,30,0,306,26,-,-999,g,4.305369,46993002,3.2162415,47007934,4.0502489,46993006,LocSAT,,-1,2021-10-05 08:15:30
-15.675487,-172.93008,0,1633141457.86635,21174779,21166714,2021275,9,5,0,169,12,-,-999,g,4.1770142,46994136,-999,-1,4.0728581,46994141,LocSAT,,-1,2021-10-04 08:47:56
34.910685,25.030411,0,1633021981.3782,21165001,21160580,2021273,15,12,0,370,30,-,-999,g,3.7967312,46967234,2.7540181,47005151,2.6602197,47004932,LocSAT,,-1,2021-10-01 18:31:31
-18.463782,-178.13444,576.26424,1633295928.5154,21179663,21173028,2021276,26,25,0,181,13,-,-999,f,3.4471413,46996087,-999,-1,-999,-1,LocSAT,,-1,2021-10-05 08:36:39
-19.185384,169.09646,151.36438,1633254356.84317,21184809,21171428,2021276,68,53,4,186,14,-,-999,d,4.5561535,47017454,3.6266445,47017536,-999,-1,LocSAT,,-1,2021-10-06 09:18:32
48.107135,7.1434397,0,1633200577.28654,21180981,21169101,2021275,10,9,0,538,36,-,-999,g,2.8386324,46996851,-999,-1,1.9110066,46996858,LocSAT,,-1,2021-10-05 14:00:40
-20.11926,-177.91056,514.61516,1633213797.97995,21184344,21169682,2021275,10,8,0,181,13,-,-999,f,3.0197799,47002947,-999,-1,-999,-1,LocSAT,,-1,2021-10-06 07:32:04
-33.534695,-179.38385,43.593113,1633240149.47135,21186358,21170836,2021276,135,65,0,179,12,-,-999,f,4.6143232,47017459,4.6626056,47017512,5.0643091,47007626,LocSAT,,-1,2021-10-06 15:30:22
-29.962785,-177.54516,0,1633330362.7639,21189303,21174470,2021277,39,25,0,178,12,-,-999,g,4.3396269,47013283,-999,-1,4.5461338,47013287,LocSAT,,-1,2021-10-07 09:00:28
37.371808,30.450393,0,1633245308.80228,21186465,21171441,2021276,51,39,0,366,30,-,-999,g,4.1589715,47007876,3.8413925,47017518,3.7752153,47017475,LocSAT,,-1,2021-10-06 16:01:45
13.436035,93.608492,0,1633396325.44094,21185636,21178411,2021278,23,18,0,703,46,-,-999,g,3.854405,47006652,3.2053317,47027018,4.4259181,47006657,LocSAT,,-1,2021-10-06 12:28:36
25.703409,124.97679,0,1633455025.96729,21194513,21181959,2021278,79,49,0,245,21,-,-999,g,4.891408,47023778,4.6963752,47027092,4.1149636,47023804,LocSAT,,-1,2021-10-08 09:24:48
6.7376425,-72.975734,166.61913,1633462668.49935,21190702,21182404,2021278,49,43,0,99,7,-,-999,f,4.0610148,47016964,3.783984,47027104,-999,-1,LocSAT,,-1,2021-10-07 14:24:42
53.683091,-163.57637,0,1633502567.52934,21194345,21185701,2021279,40,29,0,10,1,-,-999,g,4.1033614,47023435,3.7070061,47059378,3.4835836,47023439,LocSAT,,-1,2021-10-08 08:48:48
32.413609,49.620804,0,1633902723.26449,21221931,21206094,2021283,41,32,0,347,29,-,-999,g,4.0451899,47076746,3.3346152,47080213,3.731102,47076750,LocSAT,,-1,2021-10-14 09:32:26
-19.918308,-177.81894,418.98276,1633852030.2038,21214669,21203939,2021283,24,20,0,181,13,-,-999,f,3.4280937,47077953,-999,-1,-999,-1,LocSAT,,-1,2021-10-12 17:18:42
29.996303,142.89533,0,1634008738.11849,21227300,21212506,2021285,88,46,0,211,18,-,-999,g,4.78207,47087923,3.7738783,47088545,4.1964818,47087927,LocSAT,,-1,2021-10-15 13:31:25
30.353448,94.917233,0,1633883378.46005,21222018,21205410,2021283,20,17,0,306,26,-,-999,g,4.1186031,47076966,3.8487296,47080201,3.6000626,47076970,LocSAT,,-1,2021-10-14 09:44:50
-21.63179,-178.20307,412.8006,1633936649.4332,21222238,21207379,2021284,15,15,0,181,13,-,-999,f,3.1804187,47077430,-999,-1,-999,-1,LocSAT,,-1,2021-10-14 10:19:05
30.998894,-41.381486,0,1634045051.20676,21227336,21213834,2021285,44,13,0,403,32,-,-999,g,3.9920682,47088057,3.7028527,47088581,-999,-1,LocSAT,,-1,2021-10-15 13:36:21
44.267374,146.41497,117.69802,1634124168.4532,21221784,21217921,2021286,36,30,0,221,19,-,-999,f,3.5862107,47080811,-999,-1,-999,-1,LocSAT,,-1,2021-10-14 08:42:42
-14.759082,-177.94166,380.19303,1634073085.97115,21226483,21215468,2021285,15,15,0,181,13,-,-999,f,3.3760727,47086306,-999,-1,-999,-1,LocSAT,,-1,2021-10-15 09:31:49
-7.1328345,129.50351,134.93853,1634119046.73947,21223386,21218892,2021286,50,39,0,280,24,-,-999,f,4.3364657,47081155,3.6085871,47110094,-999,-1,LocSAT,,-1,2021-10-14 16:00:15
41.984647,83.591313,0,1634104960.25417,21222261,21216876,2021286,48,31,0,321,27,-,-999,g,4.2921634,47109941,3.4498976,47110072,3.8285234,47081431,LocSAT,,-1,2021-10-14 10:25:35
18.522813,-81.8701,0,1634408848.15242,21247690,21233109,2021289,99,33,0,94,7,-,-999,g,4.4144837,47126879,4.4201674,47128705,4.3654278,47128464,LocSAT,,-1,2021-10-20 14:22:13
-21.5656,-178.91318,594.74289,1634333403.09303,21240125,21229769,2021288,16,15,0,181,13,-,-999,f,3.3580795,47111365,-999,-1,-999,-1,LocSAT,,-1,2021-10-18 19:35:49
24.110331,93.876132,73.618627,1634348786.14825,21239743,21230471,2021289,12,11,0,294,25,-,-999,f,3.2208224,47116352,3.9002387,47128631,-999,-1,LocSAT,,-1,2021-10-18 16:54:05
-19.606216,169.68793,45.617218,1634322978.14742,21242324,21228233,2021288,39,11,0,186,14,-,-999,f,3.9729675,47115208,3.5889243,47128329,3.1459425,47115212,LocSAT,,-1,2021-10-19 09:52:36
-19.513087,-173.47392,0,1633708416.57477,21212153,21196115,2021281,48,24,0,173,12,-,-999,g,4.3012582,47055859,3.6407429,47070320,4.3079627,47055863,LocSAT,,-1,2021-10-12 07:20:33
-6.7059696,155.69409,97.403118,1633760626.74114,21217126,21199894,2021282,28,23,3,193,15,-,-999,d,3.8832914,47066622,3.8616028,47079357,-999,-1,LocSAT,,-1,2021-10-13 07:59:00
63.308359,158.38149,0,1633762450.86157,21217647,21199443,2021282,77,37,0,671,42,-,-999,g,4.4870701,47067844,4.1011977,47079361,2.7561806,47067848,LocSAT,,-1,2021-10-13 10:56:28
22.371322,94.777408,119.74312,1633631284.20136,21208901,21191750,2021280,183,116,17,296,25,-,-999,d,4.8985002,47049657,4.427215,47061600,-999,-1,LocSAT,,-1,2021-10-11 15:06:54
-3.8096308,151.62664,0,1633787090.25344,21208996,21200489,2021282,28,26,0,190,15,-,-999,g,4.1276776,47058160,3.7720483,47079387,3.5317543,47058165,LocSAT,,-1,2021-10-11 15:18:10
32.3636,49.682192,0,1633627872.88312,21208108,21191435,2021280,32,27,0,347,29,-,-999,g,3.8658346,47048261,3.1963834,47061586,3.7816802,47048265,LocSAT,,-1,2021-10-11 11:44:54
63.110497,-148.54392,34.89998,1634841870.26076,21263566,21253379,2021294,61,41,0,1,1,-,-999,f,4.1210044,47159537,3.2831799,47179962,4.1998575,47159544,LocSAT,,-1,2021-10-24 12:59:46
35.254056,25.175514,0,1635072231.03499,21279404,21263375,2021297,14,14,0,370,30,-,-999,g,3.9327448,47188463,-999,-1,3.0041194,47195869,LocSAT,,-1,2021-10-28 16:34:20
-22.499874,-174.82883,0,1635116715.87465,21279721,21265411,2021297,28,23,0,174,12,-,-999,g,4.1589568,47189372,3.4148316,47195979,3.6313285,47189376,LocSAT,,-1,2021-10-28 18:40:40
8.3893098,126.82472,65.064722,1635030515.82109,21278956,21262308,2021296,110,46,0,259,22,-,-999,f,4.4422397,47186788,4.1102098,47188353,-999,-1,LocSAT,,-1,2021-10-28 14:10:37
24.6293,121.90312,96.078277,1635052297.1132,21278195,21262472,2021297,284,131,0,244,21,-,-999,f,5.548777,47185883,5.4094804,47195921,-999,-1,LocSAT,,-1,2021-10-28 10:39:09
35.249952,25.266328,0,1634922769.61401,21274998,21256998,2021295,44,32,0,370,30,-,-999,g,4.0428048,47178770,3.1897839,47188071,3.5116692,47178774,LocSAT,,-1,2021-10-27 14:28:49
35.174047,25.173116,0,1635000063.07537,21275258,21260304,2021296,16,13,0,370,30,-,-999,g,3.7126542,47179362,3.6681716,47188319,3.5936417,47179366,LocSAT,,-1,2021-10-27 15:39:22
41.498698,20.394858,0,1635487832.76003,21300473,21282531,2021302,60,47,0,391,31,-,-999,g,4.2285335,47228331,3.4116569,47240169,3.8508656,47228336,LocSAT,,-1,2021-11-02 13:17:45
-18.920194,169.24627,192.68642,1635496784.51557,21300912,21281870,2021302,14,14,0,186,14,-,-999,f,3.5046964,47229029,-999,-1,-999,-1,LocSAT,,-1,2021-11-02 15:19:49
-22.535065,171.59809,0,1635533723.42227,21305096,21283796,2021302,43,23,0,189,14,-,-999,g,4.3523586,47237163,3.9021822,47240223,3.88706,47237167,LocSAT,,-1,2021-11-03 11:04:43
14.616284,55.098487,0,1635487959.4137,21300475,21282523,2021302,66,23,0,417,33,-,-999,g,4.0382626,47228130,3.854532,47240171,3.4551583,47228134,LocSAT,,-1,2021-11-02 13:21:30
-41.942019,-83.91255,0,1635572949.69439,21301056,21285635,2021303,66,30,0,686,43,-,-999,g,4.5533529,47229378,3.9900279,47250544,4.1311726,47229382,LocSAT,,-1,2021-11-02 16:03:17
-22.619199,-175.40124,88.242672,1635735226.75142,21310279,21294263,2021305,50,34,0,174,12,-,-999,f,3.9195075,47248313,3.7287943,47258999,-999,-1,LocSAT,,-1,2021-11-04 11:28:45
-17.76812,-174.63439,139.24601,1635781789.66757,21311176,21296175,2021305,56,32,0,173,12,-,-999,f,4.2805862,47250388,3.4683122,47259055,-999,-1,LocSAT,,-1,2021-11-04 15:30:28
-21.82798,170.83828,122.98998,1635683523.93334,21310555,21291692,2021304,83,54,3,189,14,-,-999,d,4.218864,47251631,3.3427735,47251682,-999,-1,LocSAT,,-1,2021-11-04 12:50:00
-38.995357,174.87243,230.46654,1635673791.95658,21310074,21290307,2021304,27,24,0,159,11,-,-999,f,3.8444725,47247683,-999,-1,-999,-1,LocSAT,,-1,2021-11-04 10:29:48
-20.887429,170.00432,130.82416,1635722691.94852,21300565,21300565,2021304,6,6,0,186,14,-,-999,f,3.2148843,47231414,-999,-1,-999,-1,LocSAT,,-1,2021-11-02 13:53:09
0.22042202,96.71675,0,1635786253.91086,21311009,21296459,2021305,241,107,0,705,46,-,-999,g,5.4417605,47250020,5.3487229,47259059,5.0673702,47250024,LocSAT,,-1,2021-11-04 14:50:12
-23.972452,-179.9487,506.71868,1635774529.83972,21311458,21295722,2021305,48,38,0,171,12,-,-999,f,3.7433591,47251159,-999,-1,-999,-1,LocSAT,,-1,2021-11-04 16:43:24
55.31929,109.3956,0,1635821943.65005,21311609,21299450,2021306,31,27,0,327,28,-,-999,g,3.7942864,47251453,2.8175828,47259715,4.0150243,47259406,LocSAT,,-1,2021-11-04 17:29:31
-16.647005,-173.67816,0,1635869530.77777,21309330,21301204,2021306,41,24,0,173,12,-,-999,g,4.3026972,47247822,3.5105941,47259783,3.9387337,47247824,LocSAT,,-1,2021-11-04 07:30:31
34.973403,26.085802,0,1635844488.49096,21314542,21299623,2021306,29,25,0,370,30,-,-999,g,4.1408135,47257421,3.1445294,47259749,3.8009228,47257425,LocSAT,,-1,2021-11-05 11:13:07
49.84608,155.73036,72.898269,1635205162.46538,21281921,21268916,2021298,97,50,0,221,19,-,-999,f,4.1280559,47193610,3.7739697,47196544,-999,-1,LocSAT,,-1,2021-10-29 09:30:31
-17.769452,-178.77268,575.38944,1635298551.95039,21294866,21273596,2021300,19,19,0,181,13,-,-999,f,3.4482927,47216958,-999,-1,-999,-1,LocSAT,,-1,2021-11-01 10:57:50
-19.262185,-172.74512,0,1634609306.96547,21255525,21241131,2021292,43,18,0,174,12,-,-999,g,4.4617254,47143214,3.6086263,47145747,3.2210434,47143218,LocSAT,,-1,2021-10-22 08:23:10
49.138619,155.9547,54.701286,1634472318.1454,21247916,21234821,2021290,139,46,0,221,19,-,-999,f,4.3617021,47127468,4.2955786,47138286,5.0915444,47138233,LocSAT,,-1,2021-10-20 15:33:24
49.14209,155.96965,45.662189,1634489275.48601,21251230,21236359,2021290,73,36,4,221,19,-,-999,d,3.7707782,47134461,3.4461637,47138310,4.3246434,47138089,LocSAT,,-1,2021-10-21 09:31:10
51.579246,16.063976,0,1634473254.13848,21247961,21234919,2021290,36,35,0,548,36,-,-999,g,3.9209636,47138113,-999,-1,3.3503739,47138086,LocSAT,,-1,2021-10-20 15:40:13
55.294638,-157.85585,0,1634498827.63058,21251947,21236783,2021290,97,33,0,12,1,-,-999,g,4.1936042,47138098,3.9707224,47138326,4.1048106,47136263,LocSAT,,-1,2021-10-21 12:27:22
-21.164132,-175.82342,36.599359,1634639329.05016,21248224,21243695,2021292,107,35,0,173,12,-,-999,f,4.4420593,47129430,4.9928068,47145775,4.1595801,47129436,LocSAT,,-1,2021-10-20 17:00:27
49.147687,156.08534,47.457827,1634494531.82816,21251698,21236198,2021290,37,29,3,221,19,-,-999,d,3.5823416,47135770,2.8579729,47138322,4.342685,47138187,LocSAT,,-1,2021-10-21 11:29:20
55.762646,163.39004,0,1633125786.96493,21179761,21165587,2021274,57,31,0,219,19,-,-999,g,4.0376271,46993522,3.5272413,47007966,4.5254424,46993558,LocSAT,,-1,2021-10-05 09:01:25
-16.941226,-177.39269,0,1633018139.78939,21165242,21161429,2021273,3,3,0,181,13,-,-999,g,4.1632351,46967233,-999,-1,-999,-1,LocSAT,,-1,2021-10-01 19:41:37
30.259693,94.8929,0,1633060163.21881,21176051,21162526,2021274,43,38,0,306,26,-,-999,g,4.3906633,46987538,3.2154605,47007906,3.9542857,46987537,LocSAT,,-1,2021-10-04 13:56:54
-15.109252,-177.67235,382.23695,1633133962.98113,21179926,21165960,2021275,6,6,0,181,13,-,-999,f,3.0637807,46993904,-999,-1,-999,-1,LocSAT,,-1,2021-10-05 09:54:05
-15.166126,-173.4923,0,1633139152.04283,21180168,21166584,2021275,40,19,0,173,12,-,-999,r,4.1801618,46994865,4.1798713,47016163,-999,-1,LocSAT,,-1,2021-10-05 10:46:31
52.167262,-171.16587,44.906653,1633276417.13862,21184715,21172305,2021276,98,42,0,9,1,-,-999,f,4.0448179,47003666,3.5423672,47017546,3.6560978,47003670,LocSAT,,-1,2021-10-06 09:01:31
-9.5193824,-71.202844,605.88347,1633179155.05906,21190350,21168980,2021275,260,139,33,112,8,-,-999,d,4.9377593,47015987,-999,-1,-999,-1,LocSAT,,-1,2021-10-07 13:14:33
-21.187025,174.52374,524.80118,1633186115.14152,21180423,21168531,2021275,15,15,0,185,14,-,-999,f,3.3836221,46995654,-999,-1,-999,-1,LocSAT,,-1,2021-10-05 11:37:45
12.859703,120.84363,0,1633211964.86697,21181232,21170449,2021275,120,43,0,250,22,-,-999,g,4.3997573,47016118,4.7437654,47016215,4.2033478,46997415,LocSAT,,-1,2021-10-05 15:06:46
37.43474,30.334109,0,1633267824.58342,21184418,21172367,2021276,10,10,0,366,30,-,-999,g,3.5416819,47017449,-999,-1,3.1007828,47017429,LocSAT,,-1,2021-10-06 07:48:27
24.670268,122.61418,84.273162,1633580322.57115,21207458,21188472,2021280,42,40,3,243,21,-,-999,d,3.8761747,47058564,3.7523829,47061548,-999,-1,LocSAT,,-1,2021-10-11 08:17:24
56.526776,163.21206,0,1633399831.59353,21189559,21178600,2021278,42,25,0,218,19,-,-999,g,4.0849162,47014087,3.1247046,47027024,3.704734,47014091,LocSAT,,-1,2021-10-07 10:09:00
-17.629348,-178.46819,560.0498,1633901190.47813,21221785,21206036,2021283,4,4,0,181,13,-,-999,f,2.8630951,47076417,-999,-1,-999,-1,LocSAT,,-1,2021-10-14 08:43:13
0.77627118,125.94015,0,1633955669.85334,21225958,21209709,2021284,171,91,0,266,23,-,-999,g,5.2525016,47085582,4.8487518,47088265,5.0571229,47085259,LocSAT,,-1,2021-10-15 07:29:47
35.827143,23.438328,0,1633851964.82871,21214611,21203883,2021283,22,18,0,370,30,-,-999,g,3.9064158,47062427,2.6939163,47080153,3.3150242,47062429,LocSAT,,-1,2021-10-12 17:08:30
-16.858077,176.696,0,1633979447.58769,21222953,21210097,2021284,42,12,0,181,13,-,-999,g,3.9900225,47078901,3.7447922,47088293,-999,-1,LocSAT,,-1,2021-10-14 13:40:35
-21.395096,174.39493,523.36374,1634018650.69918,21219460,21213320,2021285,118,77,7,185,14,-,-999,d,4.6951206,47072978,-999,-1,-999,-1,LocSAT,,-1,2021-10-13 18:48:37
35.164987,26.33131,0,1634030641.52451,21219780,21214204,2021285,214,79,0,370,30,-,-999,g,5.9251381,47087682,6.1472526,47088571,4.2439041,47087707,LocSAT,,-1,2021-10-13 20:45:19
51.517191,16.084596,0,1634356904.33769,21238187,21229991,2021289,50,44,0,548,36,-,-999,g,3.955336,47110321,2.3418462,47128639,3.5859167,47110337,LocSAT,,-1,2021-10-18 09:34:11
-21.118976,-178.69499,580.12159,1634372459.90848,21246620,21230629,2021289,24,21,0,181,13,-,-999,f,3.2995724,47124320,-999,-1,-999,-1,LocSAT,,-1,2021-10-20 08:39:02
55.306572,-156.45217,0,1634266228.74388,21243308,21225379,2021288,33,23,0,17,1,-,-999,g,4.1771674,47128232,3.8423667,47128459,3.5011981,47117439,LocSAT,,-1,2021-10-19 14:16:58
-4.7649236,103.10029,79.063132,1634339849.92243,21243517,21229131,2021288,95,59,0,274,24,-,-999,f,4.6020626,47117944,3.3811648,47128357,-999,-1,LocSAT,,-1,2021-10-19 15:19:14
28.6822,138.17456,535.18863,1634433161.17945,21242788,21233315,2021290,83,73,0,212,18,-,-999,f,4.2232678,47120253,-999,-1,-999,-1,LocSAT,,-1,2021-10-19 11:56:24
-19.986234,-177.43066,538.54113,1634414792.00574,21241992,21232533,2021289,12,11,0,181,13,-,-999,f,3.3837275,47116738,-999,-1,-999,-1,LocSAT,,-1,2021-10-19 07:57:59
-53.663569,142.10559,0,1634447284.4587,21244317,21233937,2021290,23,7,0,701,45,-,-999,g,3.8057188,47120282,3.6617807,47138266,-999,47120289,LocSAT,,-1,2021-10-19 19:18:15
35.341545,25.152289,0,1633674409.92974,21217272,21193866,2021281,19,19,0,370,30,-,-999,g,3.7892798,47067044,-999,-1,3.4040213,47067048,LocSAT,,-1,2021-10-13 08:54:29
32.324775,49.703034,0,1633759529.51637,21217075,21199297,2021282,52,49,0,347,29,-,-999,g,4.5057584,47066514,-999,-1,3.950394,47066518,LocSAT,,-1,2021-10-13 07:55:13
39.948048,142.13576,45.286898,1633757517.11424,21217069,21198639,2021282,69,51,0,228,19,-,-999,f,4.3342408,47066484,3.5244941,47079347,4.5519199,47067170,LocSAT,,-1,2021-10-13 07:51:01
30.222508,94.666137,0,1633758429.14191,21217188,21198638,2021282,13,13,0,306,26,-,-999,g,3.8102319,47066814,-999,-1,3.690446,47066818,LocSAT,,-1,2021-10-13 08:30:59
34.880621,23.568419,0,1633773816.74087,21218334,21200797,2021282,13,10,0,370,30,-,-999,g,3.8204177,47069374,2.9098197,47079375,2.9013442,47069378,LocSAT,,-1,2021-10-13 14:06:57
38.696587,15.397684,199.64785,1634731703.23342,21256637,21247340,2021293,17,16,0,398,31,-,-999,f,3.2776917,47145970,-999,-1,-999,-1,LocSAT,,-1,2021-10-22 14:59:57
43.801629,84.179888,0,1634775142.22032,21266387,21249604,2021294,79,47,0,332,28,-,-999,g,4.1365961,47162370,3.4221142,47179904,3.9745141,47162374,LocSAT,,-1,2021-10-25 07:34:38
43.080723,45.456518,0,1634705139.5331,21266498,21246943,2021293,103,40,0,337,29,-,-999,g,4.3064822,47162546,3.8596676,47165742,4.2959022,47162557,LocSAT,,-1,2021-10-25 08:00:28
51.690536,16.261559,0,1634746065.47816,21252733,21248110,2021293,11,10,0,548,36,-,-999,g,-999,47138718,-999,-1,2.8303096,47138724,LocSAT,,-1,2021-10-21 15:28:21
-56.173061,-27.619359,148.72353,1634949261.25097,21268342,21258041,2021296,134,73,0,153,10,-,-999,f,4.9397317,47172342,4.0779093,47188271,-999,-1,LocSAT,,-1,2021-10-25 20:13:22
12.752904,92.441948,0,1635054517.07174,21278011,21263016,2021297,21,14,0,703,46,-,-999,g,3.71218,47185112,4.1263545,47195923,3.4973773,47185116,LocSAT,,-1,2021-10-28 09:48:25
-18.402489,-177.71196,536.78368,1634983944.11049,21267454,21259510,2021296,16,16,0,181,13,-,-999,f,3.13452,47176351,-999,-1,-999,-1,LocSAT,,-1,2021-10-25 14:27:47
51.376922,91.732313,0,1634943780.645,21279344,21258627,2021295,128,51,0,326,28,-,-999,g,4.151396,47188013,4.1283584,47188091,4.2513386,47188017,LocSAT,,-1,2021-10-28 16:02:57
38.554256,31.588027,0,1635370705.88121,21294818,21276345,2021300,33,23,0,366,30,-,-999,g,3.7509124,47216789,2.8965092,47225861,3.4238009,47220611,LocSAT,,-1,2021-11-01 10:56:07
55.120419,-158.99766,0,1635448012.28795,21299815,21279822,2021301,166,60,0,12,1,-,-999,g,5.1104558,47227201,4.4451919,47239622,4.4052281,47226518,LocSAT,,-1,2021-11-02 10:17:08
-22.026402,-176.47701,395.21872,1635528120.93459,21304447,21284034,2021302,16,15,0,171,12,-,-999,f,3.3980675,47235985,-999,-1,-999,-1,LocSAT,,-1,2021-11-03 08:28:45
-57.935376,-25.329229,21.535605,1635724968.58171,21309986,21293752,2021305,173,78,0,153,10,-,-999,f,5.6776658,47247282,5.6282503,47258983,5.4951765,47247286,LocSAT,,-1,2021-11-04 10:07:26
52.694732,159.39553,74.398775,1635729263.90657,21310140,21293038,2021305,30,22,0,219,19,-,-999,f,3.5354401,47247816,-999,-1,-999,-1,LocSAT,,-1,2021-11-04 10:38:36
33.234865,135.70213,0,1635712537.88789,21301374,21293142,2021304,127,61,0,233,20,-,-999,g,4.6570223,47251568,4.1738489,47251700,3.658896,47235897,LocSAT,,-1,2021-11-02 17:42:41
-29.080729,-177.10337,0,1635641312.51543,21305967,21288998,2021304,93,42,0,178,12,-,-999,g,4.5956975,47239282,4.0231729,47251638,4.2525388,47239124,LocSAT,,-1,2021-11-03 14:52:58
19.463435,101.23692,0,1635649493.24202,21306210,21289346,2021304,62,24,0,299,25,-,-999,g,4.1198686,47239553,3.549941,47251648,4.2158244,47239557,LocSAT,,-1,2021-11-03 15:45:44
-0.85963404,-13.196913,0,1635653316.82026,21309554,21289981,2021304,67,17,0,407,32,-,-999,g,4.093926,47246456,3.748316,47251650,3.9850618,47246460,LocSAT,,-1,2021-11-04 08:29:29
35.093035,25.178614,0,1635668470.28795,21306361,21291002,2021304,13,13,0,370,30,-,-999,g,3.8623442,47240135,-999,-1,2.6679691,47251557,LocSAT,,-1,2021-11-03 16:36:16
46.036349,148.98671,171.1284,1635796814.88705,21305723,21297035,2021305,16,10,0,220,19,-,-999,f,3.1183185,47242164,-999,-1,-999,-1,LocSAT,,-1,2021-11-03 13:53:20
55.069776,165.68294,33.214793,1635682686.47504,21310542,21290743,2021304,60,34,0,4,1,-,-999,f,3.9109993,47248919,3.286911,47251678,3.9790494,47248923,LocSAT,,-1,2021-11-04 12:37:53
-28.095532,-177.30177,38.122713,1635671892.45258,21309990,21290257,2021304,111,52,0,177,12,-,-999,f,4.7621779,47251573,3.8421129,47251670,4.1364332,47247453,LocSAT,,-1,2021-11-04 10:15:53
-22.672305,171.58266,0,1635820378.29091,21311656,21298356,2021306,9,8,0,189,14,-,-999,g,4.1399594,47251588,-999,-1,-999,-1,LocSAT,,-1,2021-11-04 17:37:01
35.159256,25.189108,0,1635896814.66769,21310269,21302807,2021306,16,14,0,370,30,-,-999,g,3.8225397,47248480,3.6677039,47259811,2.0895945,47259531,LocSAT,,-1,2021-11-04 11:24:15
0.15182861,96.517472,0,1635864465.86595,21314207,21300925,2021306,68,39,0,705,46,-,-999,g,4.6591341,47256602,3.7099114,47259773,4.2447032,47256606,LocSAT,,-1,2021-11-05 09:25:07
-28.516997,-177.30938,0,1635273965.84245,21278342,21272609,2021299,84,36,0,177,12,-,-999,g,4.6054067,47187416,3.631241,47196997,3.8657587,47187421,LocSAT,,-1,2021-10-28 11:31:52
37.227291,142.22592,0,1635265671.45887,21277881,21271487,2021299,109,37,0,229,19,-,-999,g,4.5390677,47187385,3.9662167,47196981,4.2528453,47196405,LocSAT,,-1,2021-10-28 09:06:59
52.692037,159.12068,82.211997,1635253675.48742,21282585,21270968,2021299,57,35,0,219,19,-,-999,f,3.6985408,47196427,3.0455499,47196973,-999,-1,LocSAT,,-1,2021-10-29 12:14:29
9.4282,-84.492035,0,1634625139.17172,21255750,21241843,2021292,43,28,0,78,6,-,-999,g,4.3422075,47143774,4.258479,47145761,3.4502429,47143778,LocSAT,,-1,2021-10-22 09:42:14
7.5257198,126.58422,153.93701,1634470082.24326,21247909,21235151,2021290,23,22,0,259,22,-,-999,f,3.6647082,47127453,-999,-1,-999,-1,LocSAT,,-1,2021-10-20 15:20:40
35.212038,28.952509,0,1634524059.68718,21251017,21237013,2021291,14,14,0,371,30,-,-999,g,3.9468457,47133947,-999,-1,3.4388884,47136932,LocSAT,,-1,2021-10-21 08:52:57
35.17584,26.821199,0,1634580503.85483,21246680,21239981,2021291,19,15,0,370,30,-,-999,g,3.6810911,47135572,2.9489946,47144215,2.9424395,47135577,LocSAT,,-1,2021-10-20 09:01:29
-15.255073,-177.87764,417.84058,1634638701.23777,21247959,21242523,2021292,21,19,0,181,13,-,-999,f,3.4010059,47145569,-999,-1,-999,-1,LocSAT,,-1,2021-10-20 15:38:50
29.232383,104.04492,0,1634517418.27946,21250726,21237531,2021291,60,24,0,307,26,-,-999,g,4.2275974,47133156,3.4596351,47144145,4.170344,47133160,LocSAT,,-1,2021-10-21 07:29:05
24.114694,121.74862,0,1634536152.80601,21251226,21238623,2021291,84,27,0,244,21,-,-999,g,4.2089369,47134430,3.8469572,47144161,4.0107678,47134434,LocSAT,,-1,2021-10-21 09:27:25
